Hacia la libertad," Acción, Thriller",2022,2h 12m,4.36,https://ww1.cuevana3.ai/65516/emancipation-ver
Devotion. Una historia de héroes," Acción, Bélico Guerra, Drama",2022,2h 18m,4.26,https://ww1.cuevana3.ai/65526/devotion-ver
Avatar: El sentido del agua," Acción, Aventura, Fantasía",2022,3h 12m,4.23,https://ww1.cuevana3.ai/65555/avatar-the-way-of-water-ver
Los 4 Grandes," Acción, Comedia, Crimen",2022,2h 21m,4.5,https://ww1.cuevana3.ai/65651/the-big-four-ver
Secret Headquarters," Acción, Aventura, Comedia",2022,1h 29m,3.81,https://ww1.cuevana3.ai/61311/secret-headquarters-ver
Avatar," Acción, Aventura, Fantasía",2009,2h 41m,3.84,https://ww1.cuevana3.ai/65615/avatar-ver
Reyes contra Santa,"","","",3.62,https://ww1.cuevana3.ai/65580/reyes-contra-santa-ver
Poker Face," Acción, Crimen, Thriller",2022,1h 35m,3.88,https://ww1.cuevana3.ai/65570/poker-face-ver
Dragon Ball Super: Super Hero," Acción, Animación, Aventura",2022,1h 39m,4.18,https://ww1.cuevana3.ai/61578/doragon-boru-supa-supa-hiro-ver
Shadow Master, Acción,2022,1h 30m,3.36,https://ww1.cuevana3.ai/65451/shadow-master-ver
Noche de paz," Acción, Comedia, Crimen",2022,1h 41m,4.2,https://ww1.cuevana3.ai/65392/violent-night-ver
Detective Knight: Sin piedad," Acción, Thriller",2022,1h 45m,3.54,https://ww1.cuevana3.ai/65438/detective-knight-rogue-ver
The Roundup," Acción, Crimen",2022,1h 46m,4.58,https://ww1.cuevana3.ai/60439/the-roundup-ver
Lobos de guerra," Acción, Bélico Guerra, Thriller",2022,1h 27m,3.39,https://ww1.cuevana3.ai/65430/wolves-of-war-ver
Me llamo venganza," Acción, Crimen, Drama",2022,1h 30m,4.02,https://ww1.cuevana3.ai/65280/il-mio-nome-e-vendetta-ver
La batalla de Leningrado," Acción, Drama, Guerra",2019,1h 36m,4.01,https://ww1.cuevana3.ai/43042/spasti-leningrad-ver
La guerra del futuro," Acción, Aventura, Ciencia Ficción",2022,1h 41m,4.12,https://ww1.cuevana3.ai/65351/ming-yat-zin-gei-ver
Trol,"","","",4.08,https://ww1.cuevana3.ai/65314/troll-ver
Super… ¿quién?," Acción, Comedia",2022,1h 22m,4.43,https://ww1.cuevana3.ai/59083/super-heros-malgre-lui-ver
Memory," Acción, Thriller",2022,1h 54m,4.09,https://ww1.cuevana3.ai/57421/memory-ver
Confesiones de un asesino a sueldo," Acción, Crimen, Drama",2022,1h 44m,4.25,https://ww1.cuevana3.ai/65250/confessions-ver
Amenaza explosiva (Hard Hit)," Acción, Crime, Drama",2021,1h 30m,4.1,https://ww1.cuevana3.ai/65181/balsinjehan-ver
The System," Acción, Crimen",2022,1h 37m,3.75,https://ww1.cuevana3.ai/65172/the-system-ver
Declaración de emergencia," Acción, Drama, Thriller",2022,2h 20m,4.49,https://ww1.cuevana3.ai/62681/bisang-seoneon-ver
Sword Art Online Progressive: Aria de una Noche sin Estrellas," Acción, Animación, Aventura",2021,1h 37m,4.6,https://ww1.cuevana3.ai/60044/gekijoban-sword-art-online-progressive-hoshi-naki-yoru-no-aria-ver
Guardianes de la Galaxia: especial felices fiestas," Acción, Aventura, Comedia",2022,0h 44m,4.5,https://ww1.cuevana3.ai/65131/the-guardians-of-the-galaxy-holiday-special-ver
Plan de estudios," Acción, Crimen",2022,1h 41m,3.34,https://ww1.cuevana3.ai/65089/plan-lekcji-ver
Black Adam," Acción, Ciencia Ficción, Fantasía",2022,2h 4m,4.17,https://ww1.cuevana3.ai/63746/black-adam-ver
La Mujer Rey," Acción, Drama, Historia",2022,2h 15m,3.87,https://ww1.cuevana3.ai/63299/the-woman-king-ver
One Way," Acción, Thriller",2022,1h 36m,3.66,https://ww1.cuevana3.ai/62157/one-way-ver
Black Panther: Wakanda Forever," Acción, Aventura, Drama",2022,2h 42m,3.94,https://ww1.cuevana3.ai/64524/black-panther-wakanda-forever-ver
R.I.P.D. 2: Rise of the Damned," Acción, Comedia",2022,1h 42m,3.55,https://ww1.cuevana3.ai/64356/r-i-p-d-2-rise-of-the-damned-ver
Fuga de Prisión," Acción, Ciencia Ficción, Thriller",2022,1h 46m,3.17,https://ww1.cuevana3.ai/57441/corrective-measures-ver
East of the Mountains," Acción, Drama",2021,1h 33m,3.71,https://ww1.cuevana3.ai/51099/east-of-the-mountains-ver
Bala perdida 2," Acción, Crimen, Suspenso",2022,1h 38m,4.07,https://ww1.cuevana3.ai/64768/balle-perdue-2-ver
Raging Fire," Acción, Aventura, Crimen",2021,2h 6m,4.4,https://ww1.cuevana3.ai/51080/nou-fo-ver
Sanctioning Evil, Acción,2022,1h 50m,3.92,https://ww1.cuevana3.ai/64737/sanctioning-evil-ver
The Contractor," Acción, Thriller",2022,1h 43m,4.21,https://ww1.cuevana3.ai/55977/the-contractor-ver
Operation Seawolf," Acción, Aventura, Historia",2022,1h 26m,3.36,https://ww1.cuevana3.ai/64726/operation-seawolf-ver
Medieval," Acción, Drama, Historia",2022,2h 6m,4.24,https://ww1.cuevana3.ai/63650/medieval-ver
The Serpent," Acción, Aventura, Suspenso",2021,1h 30m,2.58,https://ww1.cuevana3.ai/64547/the-serpent-ver
Enola Holmes 2," Acción, Aventura, Crimen",2022,2h 10m,4.28,https://ww1.cuevana3.ai/64216/enola-holmes-2-ver
ONE PIECE FILM RED," Acción, Animation, Aventura",2022,1h 55m,4.26,https://ww1.cuevana3.ai/64510/one-piece-film-red-ver
Shin Ultraman," Acción, Aventura, Drama",2022,1h 52m,3.85,https://ww1.cuevana3.ai/63581/shin-ultraman-ver
Cloudy Mountain," Acción, Aventura, Drama",2021,1h 54m,4.26,https://ww1.cuevana3.ai/58602/feng-bao-ver
El gato con botas: El último deseo," Animación, Aventura, Comedia",2022,1h 44m,4.26,https://ww1.cuevana3.ai/65531/puss-in-boots-the-last-wish-ver
Dragon Ball Super: Super Hero," Acción, Animación, Aventura",2022,1h 39m,4.18,https://ww1.cuevana3.ai/61578/doragon-boru-supa-supa-hiro-ver
Noche en el museo: El retorno de Kahmunrah," Animación, Aventura, Comedia",2022,1h 17m,3.9,https://ww1.cuevana3.ai/65491/night-at-the-museum-kahmunrah-rises-again-ver
Un jefe en pañales: Especial de Navidad," Animación, Familia",2022,0h 47m,4.36,https://ww1.cuevana3.ai/65483/the-boss-baby-christmas-bonus-ver
Scrooge: Cuento de Navidad," Animación, Aventura, Comedia",2022,1h 37m,4.41,https://ww1.cuevana3.ai/65388/scrooge-a-christmas-carol-ver
El diario de Greg: Las reglas de Rodrick," Animación, Comedia, Drama",2022,1h 14m,4.22,https://ww1.cuevana3.ai/65367/diary-of-a-wimpy-kid-rodrick-rules-ver
La Tropa Acción salva la Navidad, Animación,2022,0h 28m,4.67,https://ww1.cuevana3.ai/65302/the-action-pack-saves-christmas-ver
"Lilo, mi amigo el cocodrilo"," Animación, Aventura, Comedia",2022,1h 46m,4.31,https://ww1.cuevana3.ai/63839/lyle-lyle-crocodile-ver
Sword Art Online Progressive: Aria de una Noche sin Estrellas," Acción, Animación, Aventura",2021,1h 37m,4.6,https://ww1.cuevana3.ai/60044/gekijoban-sword-art-online-progressive-hoshi-naki-yoru-no-aria-ver
Desencantada: Vuelve Giselle," Animación, Aventura, Comedia",2022,2h 1m,4.23,https://ww1.cuevana3.ai/64837/disenchanted-ver
Tom y Jerry en la Tierra de Nieve," Animación, Aventura, Comedia",2022,1h 16m,4.32,https://ww1.cuevana3.ai/64953/tom-y-jerry-en-la-tierra-de-nieve-ver
El Dragón de Papá," Animación, Aventura, Comedia",2022,1h 44m,4.28,https://ww1.cuevana3.ai/64805/my-fathers-dragon-ver
La peli del fútbol,"","","",3.95,https://ww1.cuevana3.ai/64721/the-soccer-football-movie-ver
Minions y sus amigos: Volumen 2," Animación, Aventura, Comedia",2022,0h 54m,4.25,https://ww1.cuevana3.ai/64692/minions-more-2-ver
Tadeo el explorador 3: La maldición de la momia," Animación, Aventura, Comedia",2022,1h 29m,4.67,https://ww1.cuevana3.ai/64607/tad-the-lost-explorer-and-the-emerald-tablet-ver
Aqua Teen Forever: Plantasm," Animación, Comedia",2022,1h 19m,3.43,https://ww1.cuevana3.ai/64529/aqua-teen-forever-plantasm-ver
Wendell y Wild," Animación, Aventura, Comedia",2022,1h 47m,4.14,https://ww1.cuevana3.ai/64063/wendell-wild-ver
L.O.L. Surprise! Winter Fashion Show, Animación,2022,0h 0m,4.61,https://ww1.cuevana3.ai/64020/l-o-l-surprise-winter-fashion-show-ver
Madagascar: A Little Wild Holiday Goose Chase," Animación, Aventura",2021,0h 24m,4.16,https://ww1.cuevana3.ai/64016/madagascar-a-little-wild-holiday-goose-chase-ver
Mia and Me: The Hero of Centopia," Animación, Aventura, Familia",2022,1h 22m,4.26,https://ww1.cuevana3.ai/64004/mia-and-me-the-hero-of-centopia-ver
Batman y Superman: La batalla de los Super hijos," Acción, Animación",2022,1h 19m,4.57,https://ww1.cuevana3.ai/63335/batman-and-superman-battle-of-the-super-sons-ver
Mi dulce monstruo," Animación, Aventura, Familia",2022,1h 38m,4.09,https://ww1.cuevana3.ai/61896/buka-moyo-lyubimoye-chudishche-ver
Un héroe samurai: La leyenda de Hank," Acción, Animación, Comedia",2022,1h 34m,4.35,https://ww1.cuevana3.ai/60397/paws-of-fury-the-legend-of-hank-ver
¡Scooby-Doo! Dulce o Travesura," Animación, Aventura, Comedia",2022,1h 18m,4.3,https://ww1.cuevana3.ai/63140/trick-or-treat-scooby-doo-ver
Entergalactic," Animación, Comedia, Musica",2022,1h 32m,4.44,https://ww1.cuevana3.ai/63085/entergalactic-ver
Nahuel y el libro mágico, Animación,2020,1h 39m,4.16,https://ww1.cuevana3.ai/62969/nahuel-y-el-libro-magico-ver
Los Minions y sus amigos Volumen 1," Animación, Aventura, Comedia",2022,0h 48m,4.25,https://ww1.cuevana3.ai/62911/minions-more-1-ver
Mortal Kombat Leyendas: Frío y Penumbra," Acción, Animación, Aventura",2022,1h 22m,4.57,https://ww1.cuevana3.ai/62847/mortal-kombat-legends-snow-blind-ver
Los Smiling Friends van a Brazil," Animación, Comedia","",0h 11m,3.96,https://ww1.cuevana3.ai/62835/the-smiling-friends-go-to-brazil-ver
Minions: El origen de Gru," Animación, Aventura, Comedia",2022,1h 27m,4.12,https://ww1.cuevana3.ai/59458/minions-the-rise-of-gru-ver
Pokémon: Las crónicas de Arceus," Acción, Animación, Fantasía",2022,0h 0m,4.27,https://ww1.cuevana3.ai/62767/poketto-monsuta-shin-to-yoba-reshi-aruseusu-ver
Jujutsu Kaisen 0," Acción, Animación, Fantasía",2021,1h 45m,4.67,https://ww1.cuevana3.ai/62725/gekijouban-jujutsu-kaisen-0-ver
Hogar a la deriva," Animación, Aventura, Drama",2022,2h 0m,4.64,https://ww1.cuevana3.ai/62625/ame-wo-tsugeru-hyoryu-danchi-ver
Los Simpson: Bienvenidos al club," Animación, Comedia",2022,0h 4m,3.56,https://ww1.cuevana3.ai/62531/the-simpsons-welcome-to-the-club-ver
La Gallina Turuleca," Animación, Aventura, Familia",2020,1h 20m,4.18,https://ww1.cuevana3.ai/28581/la-gallina-turuleca-ver
DC Showcase: Constantine: The House of Mystery," Animación, Fantasía, Terror",2022,0h 27m,4.09,https://ww1.cuevana3.ai/61534/dc-showcase-constantine-the-house-of-mystery-ver
El verdadero Norte," Animación, Drama",2020,1h 33m,4.41,https://ww1.cuevana3.ai/61449/true-north-ver
¿Dónde está Anne Frank?," Animación, Drama, Familia",2021,1h 39m,4.24,https://ww1.cuevana3.ai/61389/where-is-anne-frank-ver
Snoopy presenta: El cole de Lucy," Animación, Comedia, Familia",2022,0h 38m,4.66,https://ww1.cuevana3.ai/61283/snoopy-presents-lucys-school-ver
Las Leyendas: El Origen," Animación, Aventura, Comedia","",1h 30m,4.29,https://ww1.cuevana3.ai/61196/las-leyendas-el-origen-ver
"Okko, el hostal y sus fantasmas"," Animación, Aventura, Drama",2018,2h 0m,4.71,https://ww1.cuevana3.ai/20309/waka-okami-wa-shogakusei-ver
Virus Tropical," Animación, Biográfia, Drama",2017,1h 40m,3.85,https://ww1.cuevana3.ai/61169/virus-tropical-ver
Fate/Grand Order: The Movie – Reino divino de la mesa redonda: Camelot – Paladín; Agateram," Acción, Animación, Drama",2021,1h 36m,4.63,https://ww1.cuevana3.ai/61153/fate-grand-order-the-movie-divine-realm-of-the-round-table-camelot-paladin-agateram-ver
Fate/Grand Order: The Movie – Reino divino de la mesa redonda: Camelot – Wandering; Agateram," Acción, Animación, Drama",2020,1h 30m,4,https://ww1.cuevana3.ai/61149/fate-grand-order-shinsei-entaku-ryouiki-camelot-1-wandering-agateram-ver
Charlotte," Animación, Biográfia",2022,1h 32m,4.55,https://ww1.cuevana3.ai/61104/charlotte-ver
El gato con botas: El último deseo," Animación, Aventura, Comedia",2022,1h 44m,4.26,https://ww1.cuevana3.ai/65531/puss-in-boots-the-last-wish-ver
Avatar: El sentido del agua," Acción, Aventura, Fantasía",2022,3h 12m,4.23,https://ww1.cuevana3.ai/65555/avatar-the-way-of-water-ver
Secret Headquarters," Acción, Aventura, Comedia",2022,1h 29m,3.81,https://ww1.cuevana3.ai/61311/secret-headquarters-ver
Avatar," Acción, Aventura, Fantasía",2009,2h 41m,3.84,https://ww1.cuevana3.ai/65615/avatar-ver
Reyes contra Santa,"","","",3.62,https://ww1.cuevana3.ai/65580/reyes-contra-santa-ver
Dragon Ball Super: Super Hero," Acción, Animación, Aventura",2022,1h 39m,4.18,https://ww1.cuevana3.ai/61578/doragon-boru-supa-supa-hiro-ver
Noche en el museo: El retorno de Kahmunrah," Animación, Aventura, Comedia",2022,1h 17m,3.9,https://ww1.cuevana3.ai/65491/night-at-the-museum-kahmunrah-rises-again-ver
Lucía y el Cristal Mágico," Aventura, Drama, Familia",2020,0h 0m,3.67,https://ww1.cuevana3.ai/65401/julemandens-datter-2-ver
Scrooge: Cuento de Navidad," Animación, Aventura, Comedia",2022,1h 37m,4.41,https://ww1.cuevana3.ai/65388/scrooge-a-christmas-carol-ver
La guerra del futuro," Acción, Aventura, Ciencia Ficción",2022,1h 41m,4.12,https://ww1.cuevana3.ai/65351/ming-yat-zin-gei-ver
Trol,"","","",4.08,https://ww1.cuevana3.ai/65314/troll-ver
"Lilo, mi amigo el cocodrilo"," Animación, Aventura, Comedia",2022,1h 46m,4.31,https://ww1.cuevana3.ai/63839/lyle-lyle-crocodile-ver
Sword Art Online Progressive: Aria de una Noche sin Estrellas," Acción, Animación, Aventura",2021,1h 37m,4.6,https://ww1.cuevana3.ai/60044/gekijoban-sword-art-online-progressive-hoshi-naki-yoru-no-aria-ver
Guardianes de la Galaxia: especial felices fiestas," Acción, Aventura, Comedia",2022,0h 44m,4.5,https://ww1.cuevana3.ai/65131/the-guardians-of-the-galaxy-holiday-special-ver
Black Panther: Wakanda Forever," Acción, Aventura, Drama",2022,2h 42m,3.94,https://ww1.cuevana3.ai/64524/black-panther-wakanda-forever-ver
Survive," Aventura, Drama",2022,1h 48m,3.94,https://ww1.cuevana3.ai/65043/survive-2-ver
Desencantada: Vuelve Giselle," Animación, Aventura, Comedia",2022,2h 1m,4.23,https://ww1.cuevana3.ai/64837/disenchanted-ver
El país de los sueños," Aventura, Comedia, Familiar",2022,1h 57m,4.36,https://ww1.cuevana3.ai/64870/slumberland-ver
El cuarto pasajero," Aventura, Comedia",2022,1h 39m,3.21,https://ww1.cuevana3.ai/65011/el-cuarto-pasajero-ver
Tom y Jerry en la Tierra de Nieve," Animación, Aventura, Comedia",2022,1h 16m,4.32,https://ww1.cuevana3.ai/64953/tom-y-jerry-en-la-tierra-de-nieve-ver
La bestia," Aventura, Drama, Terror",2022,1h 33m,3.7,https://ww1.cuevana3.ai/61328/beast-ver
El Dragón de Papá," Animación, Aventura, Comedia",2022,1h 44m,4.28,https://ww1.cuevana3.ai/64805/my-fathers-dragon-ver
Raging Fire," Acción, Aventura, Crimen",2021,2h 6m,4.4,https://ww1.cuevana3.ai/51080/nou-fo-ver
Operation Seawolf," Acción, Aventura, Historia",2022,1h 26m,3.36,https://ww1.cuevana3.ai/64726/operation-seawolf-ver
Minions y sus amigos: Volumen 2," Animación, Aventura, Comedia",2022,0h 54m,4.25,https://ww1.cuevana3.ai/64692/minions-more-2-ver
Tadeo el explorador 3: La maldición de la momia," Animación, Aventura, Comedia",2022,1h 29m,4.67,https://ww1.cuevana3.ai/64607/tad-the-lost-explorer-and-the-emerald-tablet-ver
The Serpent," Acción, Aventura, Suspenso",2021,1h 30m,2.58,https://ww1.cuevana3.ai/64547/the-serpent-ver
Enola Holmes 2," Acción, Aventura, Crimen",2022,2h 10m,4.28,https://ww1.cuevana3.ai/64216/enola-holmes-2-ver
ONE PIECE FILM RED," Acción, Animation, Aventura",2022,1h 55m,4.26,https://ww1.cuevana3.ai/64510/one-piece-film-red-ver
La Leyenda de la Bruja de Navidad: El Origen," Aventura, Comedia, Familia",2021,1h 56m,3.6,https://ww1.cuevana3.ai/64485/la-befana-vien-di-notte-le-origini-ver
El caballero del rey," Aventura, Drama, Historia",2022,1h 36m,2.76,https://ww1.cuevana3.ai/64352/elesin-oba-the-kings-horseman-ver
Shin Ultraman," Acción, Aventura, Drama",2022,1h 52m,3.85,https://ww1.cuevana3.ai/63581/shin-ultraman-ver
Cloudy Mountain," Acción, Aventura, Drama",2021,1h 54m,4.26,https://ww1.cuevana3.ai/58602/feng-bao-ver
42 segundos," Aventura, Biográfia, Drama",2022,1h 46m,3.82,https://ww1.cuevana3.ai/64176/42-segundos-ver
Acampamento Intergaláctico," Aventura, Ciencia Ficción, Comedia",2022,1h 25m,2.81,https://ww1.cuevana3.ai/64172/acampamento-intergalactico-ver
Wendell y Wild," Animación, Aventura, Comedia",2022,1h 47m,4.14,https://ww1.cuevana3.ai/64063/wendell-wild-ver
Madagascar: A Little Wild Holiday Goose Chase," Animación, Aventura",2021,0h 24m,4.16,https://ww1.cuevana3.ai/64016/madagascar-a-little-wild-holiday-goose-chase-ver
Mia and Me: The Hero of Centopia," Animación, Aventura, Familia",2022,1h 22m,4.26,https://ww1.cuevana3.ai/64004/mia-and-me-the-hero-of-centopia-ver
Noche de sustos," Aventura, Familia, Fantasía",2022,1h 27m,3.03,https://ww1.cuevana3.ai/63857/spirit-halloween-ver
Voy a pasármelo bien," Aventura, Comedia, Musical",2022,1h 48m,4.18,https://ww1.cuevana3.ai/63782/voy-a-pasarmelo-bien-ver
Bender: Gold of the Empire," Acción, Aventura, Comedia",2021,1h 27m,3.77,https://ww1.cuevana3.ai/63695/bender-zoloto-imprerii-ver
Bender: The Final Hustle," Aventura, Comedia",2021,1h 37m,4.22,https://ww1.cuevana3.ai/63690/bender-poslednyaya-afera-ver
Snake Island Python, Aventura,2022,1h 17m,3,https://ww1.cuevana3.ai/63646/python-island-ver
La gran aventura de los Lunnis y el libro mágico," Aventura, Familia, Fantasía",2019,1h 23m,4.29,https://ww1.cuevana3.ai/63620/la-gran-aventura-de-los-lunnis-y-el-libro-magico-ver
El Espíritu de Bridge Hollow," Aventura, Comedia, Familia",2022,1h 29m,4.36,https://ww1.cuevana3.ai/63522/the-curse-of-bridge-hollow-ver
Devotion. Una historia de héroes," Acción, Bélico Guerra, Drama",2022,2h 18m,4.26,https://ww1.cuevana3.ai/65526/devotion-ver
Lobos de guerra," Acción, Bélico Guerra, Thriller",2022,1h 27m,3.39,https://ww1.cuevana3.ai/65430/wolves-of-war-ver
Balkan Line," Acción, Bélico Guerra",2019,2h 10m,3.86,https://ww1.cuevana3.ai/15408/balkanskiy-rubezh-ver
AK-47," Bélico Guerra, Biográfia",2020,1h 45m,4.3,https://ww1.cuevana3.ai/35769/kalashnikov-ver
Against the Sun," Bélico Guerra, Biográfia, Drama",2014,1h 40m,4.22,https://ww1.cuevana3.ai/33773/against-the-sun-ver
Check Point," Acción, Bélico Guerra, Thriller",2017,1h 40m,3.33,https://ww1.cuevana3.ai/8313/check-point-ver
1917," Bélico Guerra, Drama",2019,1h 59m,3.98,https://ww1.cuevana3.ai/25394/1917-ver
The Great War," Bélico Guerra, Historia",2019,1h 48m,3.32,https://ww1.cuevana3.ai/25916/the-great-war-ver
La gran batalla," Acción, Bélico Guerra, Drama",2018,2h 16m,4.23,https://ww1.cuevana3.ai/25757/la-gran-batalla-ver
Mientras dure la guerra," Bélico Guerra, Drama, Historia",2019,1h 48m,4.16,https://ww1.cuevana3.ai/25703/mientras-dure-la-guerra-ver
A Private War," Bélico Guerra, Biográfia, Drama",2018,1h 50m,4.06,https://ww1.cuevana3.ai/9375/a-private-war-ver
El Soldado Perdido," Bélico Guerra, Historia, Romance",2017,1h 37m,3.83,https://ww1.cuevana3.ai/23692/feng-huo-fang-fei-ver
El final del viaje," Bélico Guerra, Drama",2018,1h 48m,3.6,https://ww1.cuevana3.ai/7568/journeys-end-ver
T-34," Acción, Bélico Guerra",2018,2h 19m,4.4,https://ww1.cuevana3.ai/10560/t-34-ver
Cuando El Amor Te Toca," Bélico Guerra, Drama, Romance",2018,2h 2m,4.43,https://ww1.cuevana3.ai/13834/where-hands-touch-ver
Uri: The Surgical Strike," Acción, Bélico Guerra, Drama",2019,2h 18m,3.88,https://ww1.cuevana3.ai/11514/uri-the-surgical-strike-ver
Indivisible," Bélico Guerra, Drama",2018,1h 59m,3.76,https://ww1.cuevana3.ai/9055/indivisible-ver
They Shall Not Grow Old," Bélico Guerra, Documentales, Historia",2018,1h 39m,4.39,https://ww1.cuevana3.ai/8875/they-shall-not-grow-old-ver
Un hombre ordinario," Bélico Guerra, Drama, Thriller",2017,1h 30m,3.88,https://ww1.cuevana3.ai/7721/un-hombre-ordinario-ver
El Capitán," Bélico Guerra, Drama, Historia",2017,2h 0m,4.24,https://ww1.cuevana3.ai/6683/der-hauptmann-ver
The Catcher Was a Spy," Bélico Guerra, Biográfia, Drama",2018,1h 38m,3.81,https://ww1.cuevana3.ai/6459/the-catcher-was-a-spy-ver
El Banquero De La Resistencia," Bélico Guerra, Drama",2018,2h 3m,4.27,https://ww1.cuevana3.ai/6217/the-resistance-banker-ver
Zoo," Bélico Guerra, Familia, Historia",2018,1h 36m,3.73,https://ww1.cuevana3.ai/6193/zoo-ver
Alma Mater," Bélico Guerra, Drama",2017,1h 25m,3,https://ww1.cuevana3.ai/6100/insyriated-ihy0v-ver
The Wall (En la mira del francotirador)," Bélico Guerra, Drama, Thriller",2017,1h 30m,3.81,https://ww1.cuevana3.ai/5873/the-wall-ihy0v-ver
The Yellow Birds," Bélico Guerra, Drama",2018,1h 50m,3.8,https://ww1.cuevana3.ai/5701/the-yellow-birds-ihy0v-ver
Last Flag Flying (El reencuentro)," Bélico Guerra, Comedia, Drama",2017,2h 4m,4.33,https://ww1.cuevana3.ai/4280/last-flag-flying-fdl0-ver
Under sandet (Land of mine)," Bélico Guerra, Drama, Historia",2015,1h 40m,4.56,https://ww1.cuevana3.ai/5277/under-sandet-ver
Megan Leavey," Bélico Guerra, Biográfia, Drama",2017,1h 56m,4.53,https://ww1.cuevana3.ai/3762/megan-leavey-ver
Es war einmal in Deutschland…," Bélico Guerra, Comedia, Drama",2017,1h 42m,3.87,https://ww1.cuevana3.ai/4655/es-war-einmal-in-deutschland-ver
La vida es bella," Bélico Guerra, Comedia, Drama",1997,1h 57m,4.16,https://ww1.cuevana3.ai/3746/la-vita-e-bella-ver
War Machine (Máquina de guerra)," Bélico Guerra, Comedia, Drama",2017,2h 2m,3.28,https://ww1.cuevana3.ai/1730/war-machine-html-ver
The great wall (La gran muralla)," Aventura, Bélico Guerra, Fantasía",2016,1h 43m,4.33,https://ww1.cuevana3.ai/1298/the-great-wall-qt7h-ver
Hasta el último hombre," Bélico Guerra, Drama",2016,2h 19m,4.44,https://ww1.cuevana3.ai/1234/hacksaw-ridge-fdl0-ver
Los hombres libres de Jones," Acción, Bélico Guerra, Drama",2016,2h 19m,4.47,https://ww1.cuevana3.ai/1301/free-state-of-jones-2-ver
La batalla por Sebastopol," Acción, Bélico Guerra, Biográfia",2015,1h 50m,4.27,https://ww1.cuevana3.ai/1417/bitva-za-sevastopol-ver
El valiente," Acción, Bélico Guerra, Drama",2016,2h 19m,4.34,https://ww1.cuevana3.ai/1127/free-state-of-jones-ver
Espías desde el cielo," Bélico Guerra, Drama, Thriller",2015,1h 42m,3.91,https://ww1.cuevana3.ai/1033/eye-in-the-sky-ver
13 horas: Los soldados secretos de Bengasi," Acción, Bélico Guerra",2016,2h 24m,4.31,https://ww1.cuevana3.ai/908/13-hours-the-secret-soldiers-of-benghazi-ver
El gran pequeño (Little Boy)," Bélico Guerra, Comedia, Drama",2015,0h 0m,4.36,https://ww1.cuevana3.ai/295/little-boy-html-ver
Macbeth," Bélico Guerra, Drama",2015,1h 53m,3.71,https://ww1.cuevana3.ai/748/macbeth-ver
9. april," Bélico Guerra, Drama",2015,1h 33m,3.93,https://ww1.cuevana3.ai/517/9-april-ver
The Water Diviner (El maestro del agua)," Bélico Guerra, Drama",2014,1h 51m,4.15,https://ww1.cuevana3.ai/433/the-water-diviner-gfw3-ver
El juicio Deventer," Biográfia, Crimen, Drama",2021,2h 10m,5,https://ww1.cuevana3.ai/65667/de-veroordeling-ver
Un hombre de acción," Biográfia, Crimen, Drama",2022,0h 0m,3.95,https://ww1.cuevana3.ai/65289/un-hombre-de-accion-ver
Las nadadoras," Biográfia, Deportes, Drama",2022,2h 14m,4.26,https://ww1.cuevana3.ai/65093/the-swimmers-ver
"Till, el crimen que lo cambió todo"," Biográfia, Drama, Historia",2022,2h 10m,4.41,https://ww1.cuevana3.ai/65067/till-ver
Weird: La Historia de Al Yankovic,"","","",4.09,https://ww1.cuevana3.ai/64981/weird-the-al-yankovic-story-ver
Barrabás," Biográfia, Crimen, Drama",2019,1h 55m,4,https://ww1.cuevana3.ai/64929/varavva-ver
Lamborghini: El hombre detras de la leyenda," Biográfia, Deportes, Drama",2022,1h 37m,4.03,https://ww1.cuevana3.ai/64921/lamborghini-the-man-behind-the-legend-ver
Selena Gomez: mi mente y yo," Biográfia, Documentales",2022,1h 35m,4.33,https://ww1.cuevana3.ai/64344/selena-gomez-my-mind-me-ver
42 segundos," Aventura, Biográfia, Drama",2022,1h 46m,3.82,https://ww1.cuevana3.ai/64176/42-segundos-ver
El ángel de la muerte," Biográfia, Crimen, Drama",2022,2h 1m,4.28,https://ww1.cuevana3.ai/63984/the-good-nurse-ver
"Argentina, 1985"," Biográfia, Crimen, Drama",2022,2h 20m,4.16,https://ww1.cuevana3.ai/63806/argentina-1985-ver
The Electrical Life of Louis Wain," Biográfia, Drama, Historia",2021,1h 51m,4.66,https://ww1.cuevana3.ai/51032/the-electrical-life-of-louis-wain-ver
Insondable," Biográfia, Crimen, Documentales",2020,1h 27m,3.6,https://ww1.cuevana3.ai/63067/into-the-deep-the-submarine-murder-case-ver
Rubia," Biográfia, Drama, Romance",2022,2h 47m,3.67,https://ww1.cuevana3.ai/62938/blonde-ver
The Dreamlife of Georgie Stone," Biográfia, Documentales",2022,0h 30m,3.22,https://ww1.cuevana3.ai/62763/the-dreamlife-of-georgie-stone-ver
Corazón Indomable," Biográfia, Deportes, Drama",2020,1h 44m,4.13,https://ww1.cuevana3.ai/62566/aika-jonka-sain-ver
American Underdog," Biográfia, Deportes, Drama",2021,1h 52m,4.53,https://ww1.cuevana3.ai/54505/american-underdog-ver
Broad Peak," Aventura, Biográfia, Drama",2022,1h 40m,3.5,https://ww1.cuevana3.ai/62501/broad-peak-ver
The Duke," Biográfia, Comedia, Drama",2021,1h 36m,3.96,https://ww1.cuevana3.ai/46376/the-duke-ver
Arde Notre Dame," Biográfia, Drama, Thriller",2022,1h 50m,4.06,https://ww1.cuevana3.ai/62171/notre-dame-brule-ver
Virus Tropical," Animación, Biográfia, Drama",2017,1h 40m,3.85,https://ww1.cuevana3.ai/61169/virus-tropical-ver
Helene," Biográfia, Drama, Historia",2020,2h 1m,4.13,https://ww1.cuevana3.ai/39250/helene-ver
Elvis," Biográfia, Drama, Musica",2022,2h 39m,4.16,https://ww1.cuevana3.ai/59462/elvis-ver
Charlotte," Animación, Biográfia",2022,1h 32m,4.55,https://ww1.cuevana3.ai/61104/charlotte-ver
Trece vidas," Acción, Aventura, Biográfia",2022,2h 22m,4.53,https://ww1.cuevana3.ai/61006/thirteen-lives-ver
A Man Called Ahok," Biográfia, Drama",2018,1h 42m,3.57,https://ww1.cuevana3.ai/60956/a-man-called-ahok-ver
The Royal," Biográfia, Deportes",2022,1h 38m,3.82,https://ww1.cuevana3.ai/60923/the-royal-ver
"Ennio, el Maestro"," Biográfia, Documentales, Musica",2022,2h 36m,4.33,https://ww1.cuevana3.ai/60789/ennio-ver
Prizefighter: The Life of Jem Belcher, Biográfia,2022,1h 47m,3.82,https://ww1.cuevana3.ai/60364/prizefighter-the-life-of-jem-belcher-ver
Flee: Huyendo de casa," Animación, Biográfia, Documentales",2021,1h 30m,4.33,https://ww1.cuevana3.ai/60204/flugt-ver
Resistencia," Biográfia, Drama, Historia",2020,2h 0m,4.41,https://ww1.cuevana3.ai/28420/resistance-ver
El milagro del padre Stu," Biográfia, Drama",2022,2h 4m,4.22,https://ww1.cuevana3.ai/57685/father-stu-ver
With/In Volume 1," Biográfia, Drama",2021,1h 13m,3.67,https://ww1.cuevana3.ai/59740/with-in-ver
Ted K," Biográfia, Crimen, Drama",2022,2h 0m,3.84,https://ww1.cuevana3.ai/54621/ted-k-ver
"Rise: Superación, la historia de la familia Antetokounmpo"," Biográfia, Deportes, Drama",2022,0h 0m,4.56,https://ww1.cuevana3.ai/59265/rise-ver
Benediction," Biográfia, Drama, Guerra",2022,0h 0m,3.52,https://ww1.cuevana3.ai/59295/benediction-ver
A Olivia," Biográfia, Drama",2022,0h 0m,4.5,https://ww1.cuevana3.ai/59279/to-olivia-ver
Ben Crump: El abogado de los afroamericanos," Biográfia, Documentales",2022,1h 42m,2.69,https://ww1.cuevana3.ai/59179/civil-ben-crump-ver
Gracia y coraje," Biográfia, Drama, Romance",2021,1h 51m,3.67,https://ww1.cuevana3.ai/59163/grace-and-grit-ver
Jerry & Marge Go Large," Biográfia, Comedia, Drama",2022,1h 30m,4.25,https://ww1.cuevana3.ai/58769/jerry-marge-go-large-ver
Audrey," Biográfia, Documentales",2020,1h 40m,4.18,https://ww1.cuevana3.ai/45959/audrey-ver
Who You Gonna Call?," Biográfia, Documentales",2020,1h 27m,3.75,https://ww1.cuevana3.ai/58450/who-you-gonna-call-ver
No Man of God," Biográfia, Crimen, Drama",2021,1h 40m,4.39,https://ww1.cuevana3.ai/47905/no-man-of-god-ver
Viaje a alguna parte, Biográfia,2021,1h 44m,3.29,https://ww1.cuevana3.ai/58370/viaje-a-alguna-parte-ver
Aline," Biográfia, Comedia, Drama",2020,2h 6m,3.7,https://ww1.cuevana3.ai/57571/aline-ver
Atrapados en el Cubo (Cube)," Ciencia Ficción, Misterio, Terror",2021,1h 48m,3.25,https://ww1.cuevana3.ai/65409/cube-ichido-haittara-saigo-ver
La guerra del futuro," Acción, Aventura, Ciencia Ficción",2022,1h 41m,4.12,https://ww1.cuevana3.ai/65351/ming-yat-zin-gei-ver
Black Adam," Acción, Ciencia Ficción, Fantasía",2022,2h 4m,4.17,https://ww1.cuevana3.ai/63746/black-adam-ver
Control," Ciencia Ficción, Suspenso",2022,1h 29m,2.82,https://ww1.cuevana3.ai/65007/control-ver
Fuga de Prisión," Acción, Ciencia Ficción, Thriller",2022,1h 46m,3.17,https://ww1.cuevana3.ai/57441/corrective-measures-ver
Project Legion," Ciencia Ficción, Suspenso, Terror",2022,0h 0m,2.88,https://ww1.cuevana3.ai/64716/project-legion-ver
Color Out of Space," Ciencia Ficción, Terror",2019,1h 51m,3.8,https://ww1.cuevana3.ai/25761/color-out-of-space-ver
¡Nop!," Ciencia Ficción, Misterio, Terror",2022,2h 15m,3.97,https://ww1.cuevana3.ai/61748/nope-ver
Butt Boy," Ciencia Ficción, Crime, Thriller",2020,1h 39m,2.73,https://ww1.cuevana3.ai/64476/butt-boy-ver
Acampamento Intergaláctico," Aventura, Ciencia Ficción, Comedia",2022,1h 25m,2.81,https://ww1.cuevana3.ai/64172/acampamento-intergalactico-ver
After Yang," Ciencia Ficción, Drama",2022,1h 36m,3.72,https://ww1.cuevana3.ai/56730/after-yang-ver
Significant Other," Ciencia Ficción, Drama, Misterio",2022,1h 24m,3.72,https://ww1.cuevana3.ai/63260/significant-other-ver
Géminis: El planeta oscuro," Aventura, Ciencia Ficción, Thriller",2022,1h 38m,3.14,https://ww1.cuevana3.ai/54824/proekt-gemini-ver
Vesper," Aventura, Ciencia Ficción, Drama",2022,1h 52m,3.86,https://ww1.cuevana3.ai/63038/vesper-ver
Danger! Danger!," Acción, Aventura, Ciencia Ficción",2021,1h 16m,2.46,https://ww1.cuevana3.ai/62987/danger-danger-ver
Visitante," Ciencia Ficción, Drama, Terror",2022,1h 39m,3.7,https://ww1.cuevana3.ai/62648/visitante-ver
The Alpha Test," Ciencia Ficción, Terror, Thriller",2021,1h 27m,2.95,https://ww1.cuevana3.ai/62489/the-alpha-test-ver
Tides," Ciencia Ficción, Thriller",2021,1h 44m,3.83,https://ww1.cuevana3.ai/45884/tides-ver
Jurassic World: Dominion," Acción, Aventura, Ciencia Ficción",2022,2h 27m,4.15,https://ww1.cuevana3.ai/58270/jurassic-world-dominion-ver
Programa ADN," Ciencia Ficción, Misterio, Thriller",2021,1h 30m,3.1,https://ww1.cuevana3.ai/61984/sensation-ver
El último día en la Tierra," Aventura, Ciencia Ficción, Drama",2021,1h 27m,3.49,https://ww1.cuevana3.ai/61918/le-dernier-voyage-ver
Meteoro," Ciencia Ficción, Thriller",2021,1h 24m,2.76,https://ww1.cuevana3.ai/61654/meteor-ver
Obscuro Despertar, Ciencia Ficción,2019,0h 0m,2.41,https://ww1.cuevana3.ai/61610/obscuro-despertar-ver
Dual," Ciencia Ficción, Thriller",2022,1h 35m,3.09,https://ww1.cuevana3.ai/57879/dual-ver
Rabid," Ciencia Ficción, Terror",2019,1h 47m,3.55,https://ww1.cuevana3.ai/24128/rabid-ver
Office Invasion," Acción, Ciencia Ficción, Comedia",2022,0h 0m,3.47,https://ww1.cuevana3.ai/61233/office-invasion-ver
Ojos de fuego," Ciencia Ficción, Drama, Terror",2022,1h 34m,3.81,https://ww1.cuevana3.ai/57595/firestarter-ver
Sharkula," Acción, Ciencia Ficción, Terror",2022,0h 0m,3.22,https://ww1.cuevana3.ai/60448/sharkula-ver
The Prey," Acción, Ciencia Ficción, Thriller",2022,1h 33m,3.37,https://ww1.cuevana3.ai/60136/the-prey-legend-of-karnoctus-ver
Warning," Ciencia Ficción, Thriller",2021,1h 25m,3.53,https://ww1.cuevana3.ai/50374/warning-ver
Risen," Ciencia Ficción, Thriller",2021,1h 49m,3.16,https://ww1.cuevana3.ai/47598/risen-2-ver
Gray Matter, Ciencia Ficción,2018,1h 25m,2.52,https://ww1.cuevana3.ai/59672/gray-matter-ver
La calma que viene después," Ciencia Ficción, Thriller",2020,1h 35m,4.2,https://ww1.cuevana3.ai/59652/the-calm-beyond-ver
The Eden Theory," Ciencia Ficción, Terror, Thriller",2021,1h 47m,3.32,https://ww1.cuevana3.ai/59644/the-eden-theory-ver
¡Caña al extraterrestre!," Acción, Ciencia Ficción, Comedia",2022,0h 0m,3.41,https://ww1.cuevana3.ai/59413/blasted-ver
Doors, Ciencia Ficción,2021,1h 21m,2.61,https://ww1.cuevana3.ai/40064/doors-ver
Dinosaur World," Acción, Aventura, Ciencia Ficción",2020,1h 15m,3.09,https://ww1.cuevana3.ai/59500/dinosaur-world-ver
Rubikon, Ciencia Ficción,2022,1h 50m,3.58,https://ww1.cuevana3.ai/59484/rubikon-ver
Anti-Life," Acción, Ciencia Ficción",2020,1h 32m,2.45,https://ww1.cuevana3.ai/35865/breach-ver
Cryo," Ciencia Ficción, Misterio, Thriller",2022,0h 0m,3.46,https://ww1.cuevana3.ai/59409/cryo-ver
Harmony," Acción, Ciencia Ficción, Terror",2022,0h 0m,3.6,https://ww1.cuevana3.ai/59397/harmony-ver
Men," Ciencia Ficción, Drama, Terror",2022,0h 0m,3.81,https://ww1.cuevana3.ai/59385/men-ver
Press Play," Ciencia Ficción, Musica, Romance",2022,0h 0m,4.27,https://ww1.cuevana3.ai/59373/press-play-ver
Slash/Back," Aventura, Ciencia Ficción",2022,0h 0m,3.82,https://ww1.cuevana3.ai/59365/slash-back-ver
Moonfall," Acción, Aventura, Ciencia Ficción",2022,2h 0m,4.13,https://ww1.cuevana3.ai/54241/moonfall-ver
El gato con botas: El último deseo," Animación, Aventura, Comedia",2022,1h 44m,4.26,https://ww1.cuevana3.ai/65531/puss-in-boots-the-last-wish-ver
Driven New," Comedia, Terror, Thriller",2019,1h 29m,3.01,https://ww1.cuevana3.ai/30724/driven-2-ver
Contra, Comedia,2021,1h 44m,4.3,https://ww1.cuevana3.ai/54897/contra-ver
Cariño es solo una fase," Comedia, Drama, Romance",2021,1h 45m,3,https://ww1.cuevana3.ai/65684/es-ist-nur-eine-phase-hase-ver
Los Reyes Magos: La verdad, Comedia,2022,1h 17m,3,https://ww1.cuevana3.ai/65675/los-reyes-magos-la-verdad-ver
Acerca del destino," Comedia, Romance",2022,1h 40m,3.75,https://ww1.cuevana3.ai/65663/about-fate-ver
Clases particulares," Comedia, Romance",2022,1h 29m,3.75,https://ww1.cuevana3.ai/65659/ozel-ders-ver
Los 4 Grandes," Acción, Comedia, Crimen",2022,2h 21m,4.5,https://ww1.cuevana3.ai/65651/the-big-four-ver
Todavía creo en Santa," Comedia, Romance",2022,1h 30m,3.75,https://ww1.cuevana3.ai/65647/todavia-creo-en-santa-ver
Almas en pena de Inisherin," Comedia, Drama",2022,1h 54m,4,https://ww1.cuevana3.ai/65623/the-banshees-of-inisherin-ver
Secret Headquarters," Acción, Aventura, Comedia",2022,1h 29m,3.81,https://ww1.cuevana3.ai/61311/secret-headquarters-ver
Reyes contra Santa,"","","",3.62,https://ww1.cuevana3.ai/65580/reyes-contra-santa-ver
Con canas y a lo loco,"","","",4.18,https://ww1.cuevana3.ai/65574/mack-and-rita-ver
La cena perfecta," Comedia, Drama",2022,0h 0m,4.33,https://ww1.cuevana3.ai/65562/la-cena-perfetta-ver
"Dios mio, Pero Que Nos Has Hecho?", Comedia,2022,1h 38m,3.7,https://ww1.cuevana3.ai/65551/quest-ce-quon-a-tous-fait-au-bon-dieu-ver
La mensajera de la Navidad," Comedia, Romance",2022,1h 40m,3.61,https://ww1.cuevana3.ai/65547/jeszcze-przed-swietami-ver
7 Days," Comedia, Drama",2022,1h 26m,3.47,https://ww1.cuevana3.ai/57118/7-days-ver
Desfase en Navidad, Comedia,2022,1h 39m,3.23,https://ww1.cuevana3.ai/65535/the-binge-2-its-a-wonderful-binge-ver
Algo de Tiffany’s," Comedia, Familia, Romance",2022,1h 27m,3.88,https://ww1.cuevana3.ai/65508/something-from-tiffanys-ver
Huevitos Congelados, Comedia,2022,0h 0m,4.04,https://ww1.cuevana3.ai/65504/huevitos-congelados-ver
Noche en el museo: El retorno de Kahmunrah," Animación, Aventura, Comedia",2022,1h 17m,3.9,https://ww1.cuevana3.ai/65491/night-at-the-museum-kahmunrah-rises-again-ver
Noche de paz," Acción, Comedia, Crimen",2022,1h 41m,4.2,https://ww1.cuevana3.ai/65392/violent-night-ver
Una Navidad en Hollywood," Comedia, Drama, Romance",2022,0h 0m,3.81,https://ww1.cuevana3.ai/65331/a-hollywood-christmas-ver
"Confess, Fletch"," Comedia, Crimen",2022,1h 38m,2.91,https://ww1.cuevana3.ai/64755/confess-fletch-ver
La Belle Époque," Comedia, Drama, Fantasía",2019,1h 50m,3.82,https://ww1.cuevana3.ai/65442/la-belle-epoque-ver
La vida padre, Comedia,2022,1h 32m,4.53,https://ww1.cuevana3.ai/65434/la-vida-padre-ver
Slayers," Comedia, Fantasía, Terror",2022,1h 28m,2.94,https://ww1.cuevana3.ai/65426/slayers-ver
My Neighbor Adolf," Comedia, Drama",2022,1h 36m,3.61,https://ww1.cuevana3.ai/65422/my-neighbor-adolf-ver
Ámsterdam," Comedia, Drama, Historia",2022,2h 14m,3.65,https://ww1.cuevana3.ai/63331/amsterdam-ver
Miente si Puedes," Comedia, Drama, Terror",2020,1h 24m,3.13,https://ww1.cuevana3.ai/65397/zhanym-ty-ne-poverish-ver
Scrooge: Cuento de Navidad," Animación, Aventura, Comedia",2022,1h 37m,4.41,https://ww1.cuevana3.ai/65388/scrooge-a-christmas-carol-ver
Todo por un bar,"","","",2.81,https://ww1.cuevana3.ai/65383/bar-fight-ver
El diario de Greg: Las reglas de Rodrick," Animación, Comedia, Drama",2022,1h 14m,4.22,https://ww1.cuevana3.ai/65367/diary-of-a-wimpy-kid-rodrick-rules-ver
Mañana es hoy, Comedia,2022,1h 48m,4.23,https://ww1.cuevana3.ai/65355/manana-es-hoy-ver
¿Tus Navidades o las mías?," Comedia, Romance",2022,1h 34m,4.18,https://ww1.cuevana3.ai/65347/your-christmas-or-mine-ver
Dancing Through the Snow," Comedia, Familia, Romance",2021,1h 25m,3.25,https://ww1.cuevana3.ai/65293/dancing-through-the-snow-ver
Super… ¿quién?," Acción, Comedia",2022,1h 22m,4.43,https://ww1.cuevana3.ai/59083/super-heros-malgre-lui-ver
Una Navidad llena de Gracia," Comedia, Romance",2022,1h 44m,4.17,https://ww1.cuevana3.ai/65268/um-natal-cheio-de-graca-ver
Esta Navidad es una ruina," Comedia, Romance",2021,1h 35m,3.65,https://ww1.cuevana3.ai/65246/christmas-is-canceled-ver
1-800-Hot-Nite," Comedia, Drama, Thriller",2022,1h 34m,3.77,https://ww1.cuevana3.ai/65242/1-800-hot-nite-ver
La fractura," Comedia, Drama",2021,1h 38m,3.67,https://ww1.cuevana3.ai/65230/la-fracture-ver
Nosotros no nos mataremos con pistolas," Comedia, Drama",2022,1h 28m,3.13,https://ww1.cuevana3.ai/65226/nosaltres-no-ens-matarem-amb-pistoles-ver
Soy tu fan: La película," Comedia, Drama",2022,1h 28m,3.84,https://ww1.cuevana3.ai/65218/soy-tu-fan-la-pelicula-ver
El Guau, Comedia,2022,1h 35m,3.78,https://ww1.cuevana3.ai/65202/el-guau-ver
"Lilo, mi amigo el cocodrilo"," Animación, Aventura, Comedia",2022,1h 46m,4.31,https://ww1.cuevana3.ai/63839/lyle-lyle-crocodile-ver
El juicio Deventer," Biográfia, Crimen, Drama",2021,2h 10m,5,https://ww1.cuevana3.ai/65667/de-veroordeling-ver
Los 4 Grandes," Acción, Comedia, Crimen",2022,2h 21m,4.5,https://ww1.cuevana3.ai/65651/the-big-four-ver
The Darker the Lake," Crimen, Misterio, Thriller",2022,1h 40m,3.18,https://ww1.cuevana3.ai/65627/the-darker-the-lake-ver
Poker Face," Acción, Crimen, Thriller",2022,1h 35m,3.88,https://ww1.cuevana3.ai/65570/poker-face-ver
Polvo y cenizas," Crimen, Thriller",2022,1h 25m,3.1,https://ww1.cuevana3.ai/65539/ash-and-dust-ver
Noche de paz," Acción, Comedia, Crimen",2022,1h 41m,4.2,https://ww1.cuevana3.ai/65392/violent-night-ver
Confesiones del estafador Félix Krull,"","","",3.5,https://ww1.cuevana3.ai/62867/bekenntnisse-des-hochstaplers-felix-krull-ver
"Confess, Fletch"," Comedia, Crimen",2022,1h 38m,2.91,https://ww1.cuevana3.ai/64755/confess-fletch-ver
The Roundup," Acción, Crimen",2022,1h 46m,4.58,https://ww1.cuevana3.ai/60439/the-roundup-ver
Other Monsters," Crimen, Thriller",2022,1h 33m,3.7,https://ww1.cuevana3.ai/65418/other-monsters-ver
Me llamo venganza," Acción, Crimen, Drama",2022,1h 30m,4.02,https://ww1.cuevana3.ai/65280/il-mio-nome-e-vendetta-ver
El estafador enmascarado," Crimen, Documentales",2022,1h 30m,3.61,https://ww1.cuevana3.ai/65327/le-masque-ver
Un hombre de acción," Biográfia, Crimen, Drama",2022,0h 0m,3.95,https://ww1.cuevana3.ai/65289/un-hombre-de-accion-ver
Confesiones de un asesino a sueldo," Acción, Crimen, Drama",2022,1h 44m,4.25,https://ww1.cuevana3.ai/65250/confessions-ver
Ghislaine Maxwell: Asquerosamente rica," Crimen, Documentales",2022,1h 41m,3.45,https://ww1.cuevana3.ai/65214/ghislaine-maxwell-filthy-rich-ver
Resurrection," Crimen, Drama, Terror",2022,1h 43m,3.48,https://ww1.cuevana3.ai/61279/resurrection-ver
The System," Acción, Crimen",2022,1h 37m,3.75,https://ww1.cuevana3.ai/65172/the-system-ver
Plan de estudios," Acción, Crimen",2022,1h 41m,3.34,https://ww1.cuevana3.ai/65089/plan-lekcji-ver
Puñales por la espalda: El misterio de Glass Onion," Comedia, Crimen, Drama",2022,2h 19m,3.63,https://ww1.cuevana3.ai/65122/glass-onion-a-knives-out-mystery-ver
Bitch Ass,"","","",3.1,https://ww1.cuevana3.ai/65030/bitch-ass-ver
Locked In," Crimen, Drama, Thriller",2021,1h 30m,3.38,https://ww1.cuevana3.ai/43752/locked-in-ver
Amor bandido," Crimen, Drama, Romance",2021,1h 20m,3.83,https://ww1.cuevana3.ai/64949/amor-bandido-ver
Barrabás," Biográfia, Crimen, Drama",2019,1h 55m,4,https://ww1.cuevana3.ai/64929/varavva-ver
Un escándalo de estado," Crimen, Drama",2022,2h 3m,3.14,https://ww1.cuevana3.ai/64849/enquete-sur-un-scandale-detat-ver
"Monica, O My Darling"," Comedia, Crimen, Drama",2022,2h 9m,3,https://ww1.cuevana3.ai/64801/monica-o-my-darling-ver
La captura del enfermero asesino," Crimen, Documentales",2022,1h 35m,4.45,https://ww1.cuevana3.ai/64789/capturing-the-killer-nurse-ver
Bala perdida 2," Acción, Crimen, Suspenso",2022,1h 38m,4.07,https://ww1.cuevana3.ai/64768/balle-perdue-2-ver
Raging Fire," Acción, Aventura, Crimen",2021,2h 6m,4.4,https://ww1.cuevana3.ai/51080/nou-fo-ver
Novembre," Crimen, Drama, Suspenso",2022,1h 45m,3.33,https://ww1.cuevana3.ai/64543/novembre-ver
Enola Holmes 2," Acción, Aventura, Crimen",2022,2h 10m,4.28,https://ww1.cuevana3.ai/64216/enola-holmes-2-ver
Emily the Criminal," Crimen, Drama, Thriller",2022,1h 35m,4.23,https://ww1.cuevana3.ai/62493/emily-the-criminal-ver
Salvaje es el viento," Crimen, Drama",2022,0h 0m,3.88,https://ww1.cuevana3.ai/64058/wild-is-the-wind-ver
Sobredosis," Acción, Crimen, Thriller",2022,1h 59m,3.71,https://ww1.cuevana3.ai/64269/overdose-ver
Golden Escape, Crimen,2022,0h 0m,3.5,https://ww1.cuevana3.ai/64228/wong-gam-dai-to-yuk-ver
La toma del poder," Acción, Crimen, Thriller",2022,1h 27m,3.81,https://ww1.cuevana3.ai/64180/the-takeover-ver
El norte sobre el vacío, Crimen,2022,1h 54m,3.58,https://ww1.cuevana3.ai/64113/el-norte-sobre-el-vacio-ver
La huérfana: Primer asesinato," Crimen, Drama, Terror",2022,1h 39m,3.95,https://ww1.cuevana3.ai/61538/orphan-first-kill-ver
El robo a Mussolini," Acción, Comedia, Crimen",2022,1h 39m,3.59,https://ww1.cuevana3.ai/63996/rapiniamo-il-duce-ver
El ángel de la muerte," Biográfia, Crimen, Drama",2022,2h 1m,4.28,https://ww1.cuevana3.ai/63984/the-good-nurse-ver
Accident Man: Hitman’s Holiday," Acción, Comedia, Crimen",2022,1h 36m,4.32,https://ww1.cuevana3.ai/63905/accident-man-hitmans-holiday-ver
Peligrosos juegos de familia," Crimen, Drama",2022,1h 50m,2.85,https://ww1.cuevana3.ai/63814/arsenault-fils-ver
"Argentina, 1985"," Biográfia, Crimen, Drama",2022,2h 20m,4.16,https://ww1.cuevana3.ai/63806/argentina-1985-ver
El extraño," Crimen, Drama, Thriller",2022,1h 57m,3.75,https://ww1.cuevana3.ai/63638/the-stranger-ver
El Pasado," Crimen, Drama, Misterio",2019,1h 46m,3.19,https://ww1.cuevana3.ai/63786/the-bygone-ver
Funhouse," Crimen, Drama, Terror",2019,1h 46m,3.31,https://ww1.cuevana3.ai/63678/funhouse-ver
Robert Downey Sr, Documentales,2022,1h 29m,4.45,https://ww1.cuevana3.ai/65359/robert-downey-sr-ver
El estafador enmascarado," Crimen, Documentales",2022,1h 30m,3.61,https://ww1.cuevana3.ai/65327/le-masque-ver
Maestro de la Luz," Documentales, Familia",2022,1h 23m,2.75,https://ww1.cuevana3.ai/65319/master-of-light-ver
Ghislaine Maxwell: Asquerosamente rica," Crimen, Documentales",2022,1h 41m,3.45,https://ww1.cuevana3.ai/65214/ghislaine-maxwell-filthy-rich-ver
Black Adam: ¿Héroe o Villano?,"","","",3.75,https://ww1.cuevana3.ai/64968/black-adam-saviour-or-destroyer-ver
La captura del enfermero asesino," Crimen, Documentales",2022,1h 35m,4.45,https://ww1.cuevana3.ai/64789/capturing-the-killer-nurse-ver
Selena Gomez: mi mente y yo," Biográfia, Documentales",2022,1h 35m,4.33,https://ww1.cuevana3.ai/64344/selena-gomez-my-mind-me-ver
CNCO: los últimos cinco días, Documentales,2022,0h 0m,4.46,https://ww1.cuevana3.ai/63897/cnco-los-ultimos-cinco-dias-ver
Descendant," Documentales, Historia",2022,1h 51m,3.42,https://ww1.cuevana3.ai/63802/descendant-ver
El equipo redentor," Deportes, Documentales, Historia",2022,1h 38m,4.63,https://ww1.cuevana3.ai/63256/the-redeem-team-ver
The Joys and Sorrows of Young Yuguo, Documentales,2022,0h 28m,4.4,https://ww1.cuevana3.ai/63213/the-joys-and-sorrows-of-young-yuguo-ver
The Trapped 13: How We Survived The Thai Cave, Documentales,2022,1h 42m,4.25,https://ww1.cuevana3.ai/63210/the-trapped-13-how-we-survived-the-thai-cave-ver
What We Leave Behind, Documentales,2022,1h 11m,3.44,https://ww1.cuevana3.ai/63125/what-we-leave-behind-ver
Insondable," Biográfia, Crimen, Documentales",2020,1h 27m,3.6,https://ww1.cuevana3.ai/63067/into-the-deep-the-submarine-murder-case-ver
A Trip to Infinity, Documentales,2022,1h 19m,4.33,https://ww1.cuevana3.ai/62893/a-trip-to-infinity-ver
The Dreamlife of Georgie Stone," Biográfia, Documentales",2022,0h 30m,3.22,https://ww1.cuevana3.ai/62763/the-dreamlife-of-georgie-stone-ver
Skandal! Bringing Down Wirecard," Crimen, Documentales",2022,1h 32m,3.54,https://ww1.cuevana3.ai/62608/skandal-bringing-down-wirecard-ver
13:14: El Reto de Ayudar, Documentales,2022,1h 29m,2.98,https://ww1.cuevana3.ai/62633/1314-el-reto-de-ayudar-ver
Flight/Risk, Documentales,2022,1h 38m,3.7,https://ww1.cuevana3.ai/62371/flight-risk-ver
The Anthrax Attacks: In the Shadow of 9/11," Crimen, Documentales",2022,1h 34m,4.11,https://ww1.cuevana3.ai/62346/the-anthrax-attacks-ver
Obi-Wan Kenobi: El retorno de un jedi, Documentales,2022,1h 0m,4.06,https://ww1.cuevana3.ai/62293/obi-wan-kenobi-a-jedis-return-ver
Get Smart With Money, Documentales,2022,1h 32m,4.16,https://ww1.cuevana3.ai/62183/get-smart-with-money-ver
Al descubierto: La regata del siglo," Deportes, Documentales",2022,1h 23m,3.71,https://ww1.cuevana3.ai/62175/untold-the-race-of-the-century-ver
Fantasía, Documentales,2021,1h 40m,2,https://ww1.cuevana3.ai/62009/fantasia-ver
Jazz Fest: A New Orleans Story," Documentales, Musica",2022,1h 34m,3,https://ww1.cuevana3.ai/61999/jazz-fest-a-new-orleans-story-ver
Hijos del Katrina, Documentales,2022,1h 21m,4.2,https://ww1.cuevana3.ai/61922/katrina-babies-ver
Maybe Die, Documentales,2019,0h 0m,3,https://ww1.cuevana3.ai/61903/maybe-die-ver
My Next Challenge, Documentales,2020,0h 44m,3.29,https://ww1.cuevana3.ai/61900/my-next-challenge-ver
Untold: Operation Flagrant Foul," Crimen, Documentales, Historia",2022,1h 17m,4.25,https://ww1.cuevana3.ai/61892/untold-operation-flagrant-foul-ver
Vidas menores, Documentales,2020,1h 18m,3,https://ww1.cuevana3.ai/61863/vidas-menores-ver
Dardara," Documentales, Musica",2021,1h 38m,3.43,https://ww1.cuevana3.ai/61813/dardara-ver
El Caso Figo," Deportes, Documentales",2022,1h 45m,4.3,https://ww1.cuevana3.ai/61732/the-figo-affair-the-transfer-that-changed-football-ver
Caballerango, Documentales,2018,1h 2m,3.44,https://ww1.cuevana3.ai/61694/caballerango-ver
Vivir sin freno: El turbulento mundo de John McAfee," Crimen, Documentales",2022,1h 45m,3.76,https://ww1.cuevana3.ai/61678/running-with-the-devil-the-wild-world-of-john-mcafee-ver
Camí Lliure, Documentales,2020,1h 15m,2.44,https://ww1.cuevana3.ai/61670/cami-lliure-ver
Untold: The Rise and Fall of AND1," Deportes, Documentales, Historia",2022,1h 8m,4.36,https://ww1.cuevana3.ai/61646/untold-the-rise-and-fall-of-and1-ver
This Much I Know to Be True," Documentales, Musica",2022,1h 45m,3.29,https://ww1.cuevana3.ai/61586/this-much-i-know-to-be-true-ver
Inside the Mind of a Cat, Documentales,2022,1h 7m,4.64,https://ww1.cuevana3.ai/61492/inside-the-mind-of-a-cat-ver
Natura Bizia, Documentales,2021,0h 0m,4.64,https://ww1.cuevana3.ai/61409/natura-bizia-ver
Patria," Documentales, Historia",2019,1h 29m,3.27,https://ww1.cuevana3.ai/61400/patria-ver
Los Ladrones: la verdadera historia del robo del siglo," Crimen, Documentales",2022,1h 49m,4.38,https://ww1.cuevana3.ai/61271/los-ladrones-la-verdadera-historia-del-robo-del-siglo-ver
Stay on Board: The Leo Baker Story," Deportes, Documentales",2022,1h 12m,3.73,https://ww1.cuevana3.ai/61225/stay-on-board-the-leo-baker-story-ver
Piazzolla: los años del tiburón, Documentales,2018,1h 30m,4.45,https://ww1.cuevana3.ai/61192/piazzolla-los-anos-del-tiburon-ver
Heredera del viento, Documentales,2017,1h 28m,3.2,https://ww1.cuevana3.ai/61145/heiress-of-the-wind-ver
España: la primera globalización, Documentales,2021,1h 50m,3.62,https://ww1.cuevana3.ai/60947/espana-la-primera-globalizacion-ver
Devotion. Una historia de héroes," Acción, Bélico Guerra, Drama",2022,2h 18m,4.26,https://ww1.cuevana3.ai/65526/devotion-ver
Pinocho de Guillermo del Toro," Animation, Drama, Familia",2022,1h 57m,4.56,https://ww1.cuevana3.ai/65495/guillermo-del-toros-pinocchio-ver
Ardiente paciencia," Drama, Romance",2022,1h 37m,5,https://ww1.cuevana3.ai/65691/ardiente-paciencia-ver
Ramona, Drama,2022,1h 20m,1,https://ww1.cuevana3.ai/65688/ramona-ver
Cariño es solo una fase," Comedia, Drama, Romance",2021,1h 45m,3,https://ww1.cuevana3.ai/65684/es-ist-nur-eine-phase-hase-ver
La niñera," Drama, Terror, Thriller",2022,1h 37m,3.33,https://ww1.cuevana3.ai/65680/nanny-ver
La Mancha Negra," Drama, Terror, Thriller",2021,1h 29m,4.75,https://ww1.cuevana3.ai/65671/la-mancha-negra-ver
El juicio Deventer," Biográfia, Crimen, Drama",2021,2h 10m,5,https://ww1.cuevana3.ai/65667/de-veroordeling-ver
Dentro del campo," Deportes, Drama",2022,2h 14m,3.65,https://ww1.cuevana3.ai/65655/in-from-the-side-ver
Almas en pena de Inisherin," Comedia, Drama",2022,1h 54m,4,https://ww1.cuevana3.ai/65623/the-banshees-of-inisherin-ver
Blast," Drama, Misterio, Thriller",2021,1h 30m,3.91,https://ww1.cuevana3.ai/61129/deflagrations-ver
Ali & Ava," Drama, Romance",2021,1h 35m,3,https://ww1.cuevana3.ai/65639/ali-and-ava-ver
Hasta los huesos: Bones and All," Drama, Romance, Terror",2022,2h 11m,3.78,https://ww1.cuevana3.ai/65413/bones-and-all-ver
Los Fabelman, Drama,2022,2h 31m,4.32,https://ww1.cuevana3.ai/65619/the-fabelmans-ver
La cena perfecta," Comedia, Drama",2022,0h 0m,4.33,https://ww1.cuevana3.ai/65562/la-cena-perfetta-ver
Libélulas, Drama,2022,1h 43m,3.94,https://ww1.cuevana3.ai/65559/libelulas-ver
7 Days," Comedia, Drama",2022,1h 26m,3.47,https://ww1.cuevana3.ai/57118/7-days-ver
Hawa," Drama, Misterio",2022,1h 44m,2.41,https://ww1.cuevana3.ai/65512/hawa-ver
Al descubierto," Drama, Historia",2022,2h 9m,3.86,https://ww1.cuevana3.ai/65499/al-descubierto-ver
Down with the King, Drama,2021,1h 40m,3.56,https://ww1.cuevana3.ai/59496/down-with-the-king-ver
Una Navidad en Hollywood," Comedia, Drama, Romance",2022,0h 0m,3.81,https://ww1.cuevana3.ai/65331/a-hollywood-christmas-ver
Confesiones del estafador Félix Krull,"","","",3.5,https://ww1.cuevana3.ai/62867/bekenntnisse-des-hochstaplers-felix-krull-ver
La Belle Époque," Comedia, Drama, Fantasía",2019,1h 50m,3.82,https://ww1.cuevana3.ai/65442/la-belle-epoque-ver
My Neighbor Adolf," Comedia, Drama",2022,1h 36m,3.61,https://ww1.cuevana3.ai/65422/my-neighbor-adolf-ver
Ámsterdam," Comedia, Drama, Historia",2022,2h 14m,3.65,https://ww1.cuevana3.ai/63331/amsterdam-ver
Me llamo venganza," Acción, Crimen, Drama",2022,1h 30m,4.02,https://ww1.cuevana3.ai/65280/il-mio-nome-e-vendetta-ver
Lucía y el Cristal Mágico," Aventura, Drama, Familia",2020,0h 0m,3.67,https://ww1.cuevana3.ai/65401/julemandens-datter-2-ver
La batalla de Leningrado," Acción, Drama, Guerra",2019,1h 36m,4.01,https://ww1.cuevana3.ai/43042/spasti-leningrad-ver
Miente si Puedes," Comedia, Drama, Terror",2020,1h 24m,3.13,https://ww1.cuevana3.ai/65397/zhanym-ty-ne-poverish-ver
El amante de Lady Chatterley," Drama, Romance",2022,2h 6m,4.46,https://ww1.cuevana3.ai/65379/lady-chatterleys-lover-ver
El sueño de ayer," Drama, Musica",2022,2h 2m,4.5,https://ww1.cuevana3.ai/65375/el-sueno-de-ayer-ver
El diario de Greg: Las reglas de Rodrick," Animación, Comedia, Drama",2022,1h 14m,4.22,https://ww1.cuevana3.ai/65367/diary-of-a-wimpy-kid-rodrick-rules-ver
Trol,"","","",4.08,https://ww1.cuevana3.ai/65314/troll-ver
Fly," Drama, Musica, Romance",2021,1h 47m,4.08,https://ww1.cuevana3.ai/65306/fly-ver
El paciente," Drama, Misterio, Thriller",2022,1h 32m,3.88,https://ww1.cuevana3.ai/65234/le-patient-ver
Huracán: La lucha interna,"","","",3.96,https://ww1.cuevana3.ai/65297/huracan-ver
Un amor en Escocia," Drama, Romance",2022,1h 39m,4.09,https://ww1.cuevana3.ai/63798/nobody-has-to-know-ver
Un hombre de acción," Biográfia, Crimen, Drama",2022,0h 0m,3.95,https://ww1.cuevana3.ai/65289/un-hombre-de-accion-ver
Confesiones de un asesino a sueldo," Acción, Crimen, Drama",2022,1h 44m,4.25,https://ww1.cuevana3.ai/65250/confessions-ver
1-800-Hot-Nite," Comedia, Drama, Thriller",2022,1h 34m,3.77,https://ww1.cuevana3.ai/65242/1-800-hot-nite-ver
También en el cielo, Drama,2021,1h 25m,3.29,https://ww1.cuevana3.ai/65238/du-som-er-i-himlen-ver
La fractura," Comedia, Drama",2021,1h 38m,3.67,https://ww1.cuevana3.ai/65230/la-fracture-ver
Nosotros no nos mataremos con pistolas," Comedia, Drama",2022,1h 28m,3.13,https://ww1.cuevana3.ai/65226/nosaltres-no-ens-matarem-amb-pistoles-ver
Soy tu fan: La película," Comedia, Drama",2022,1h 28m,3.84,https://ww1.cuevana3.ai/65218/soy-tu-fan-la-pelicula-ver
Entre la vida y la muerte, Drama,2022,1h 39m,3.42,https://ww1.cuevana3.ai/65210/entre-la-vie-et-la-mort-ver
Navidad en la granja," Comedia, Familiar",2022,1h 42m,4.17,https://ww1.cuevana3.ai/65084/christmas-on-mistletoe-farm-ver
Defendiendo A Ben," Drama, Familiar",2020,1h 24m,3.4,https://ww1.cuevana3.ai/65073/acquitted-by-faith-ver
La Gran Aventura De Blue En La Ciudad," Comedia, Familiar, Musical",2022,1h 14m,4.41,https://ww1.cuevana3.ai/65055/blues-big-city-adventure-ver
Spirited: El Espíritu De Las Fiestas," Comedia, Familiar, Musical",2022,2h 7m,4.27,https://ww1.cuevana3.ai/64841/spirited-ver
El país de los sueños," Aventura, Comedia, Familiar",2022,1h 57m,4.36,https://ww1.cuevana3.ai/64870/slumberland-ver
Navidad contigo," Comedia, Familiar, Romance",2022,1h 31m,4.44,https://ww1.cuevana3.ai/64964/christmas-with-you-ver
Una nueva historia de Navidad," Comedia, Familiar",2022,1h 38m,4.31,https://ww1.cuevana3.ai/64941/a-christmas-story-christmas-ver
"Lunana, un yak en la escuela"," Drama, Familiar",2019,1h 49m,4.53,https://ww1.cuevana3.ai/64866/lunana-a-yak-in-the-classroom-ver
La peli del fútbol,"","","",3.95,https://ww1.cuevana3.ai/64721/the-soccer-football-movie-ver
Horrible Histories: The Movie – Rotten Romans," Comedia, Familiar",2019,1h 32m,3.74,https://ww1.cuevana3.ai/27558/horrible-histories-the-movie-rotten-romans-ver
Koati," Animación, Aventura, Familiar",2021,1h 25m,4.17,https://ww1.cuevana3.ai/51864/koati-ver
Mi amigo Abulele," Animación, Aventura, Familiar",2015,0h 0m,3.93,https://ww1.cuevana3.ai/1709/abulele-ver
Atrapada en la Navidad," Aventura, Comedia, Familiar",2021,0h 0m,4.21,https://ww1.cuevana3.ai/52118/christmas-again-ver
David y los Elfos," Comedia, Familiar, Fantasía",2021,0h 1m,4.13,https://ww1.cuevana3.ai/52171/dawid-i-elfy-ver
La cinta de música," Comedia, Drama, Familiar",2021,1h 34m,4.37,https://ww1.cuevana3.ai/52102/mixtape-ver
Shaun the Sheep: The Flight Before Christmas," Animación, Comedia, Familiar",2021,0h 30m,4.57,https://ww1.cuevana3.ai/52098/shaun-the-sheep-the-flight-before-christmas-ver
The Elevator," Drama, Familiar, Suspenso",2021,1h 28m,2.25,https://ww1.cuevana3.ai/51964/the-elevator-ver
You Are My Home," Animación, Familiar, Fantasía",2020,0h 0m,3.79,https://ww1.cuevana3.ai/51941/you-are-my-home-ver
Un Castillo por Navidad," Aventura, Comedia, Familiar",2021,1h 38m,4.1,https://ww1.cuevana3.ai/51880/a-castle-for-christmas-ver
Navidad en 8 bits," Comedia, Familiar, Fantasía",2021,1h 37m,4.37,https://ww1.cuevana3.ai/51806/8-bit-christmas-ver
El chico que salvó la Navidad," Aventura, Drama, Familiar",2021,1h 46m,4.41,https://ww1.cuevana3.ai/51802/a-boy-called-christmas-ver
Zog y los doctores voladores," Animación, Comedia, Familiar",2021,0h 56m,3.89,https://ww1.cuevana3.ai/51750/zog-and-the-flying-doctors-ver
Color of Love, Familiar,2021,1h 25m,4,https://ww1.cuevana3.ai/51639/color-of-love-ver
Eddie," Drama, Familiar",2020,1h 38m,2.89,https://ww1.cuevana3.ai/51460/eddie-ver
Magic Camp," Comedia, Familiar, Fantasía",2020,1h 40m,4.59,https://ww1.cuevana3.ai/32110/magic-camp-ver
Tras los pasos del elefante," Aventura, Documentales, Familiar",2020,1h 28m,3.65,https://ww1.cuevana3.ai/30963/in-the-footsteps-of-elephant-ver
Las Aventuras de Dally y Spanky, Familiar,2019,0h 0m,4.3,https://ww1.cuevana3.ai/30959/las-aventuras-de-dally-y-spanky-ver
Juguetes y mascotas," Animación, Aventura, Familia",2017,1h 32m,4.09,https://ww1.cuevana3.ai/25220/juguetes-y-mascotas-ver
Wonder (Extraordinario)," Drama, Familiar",2017,0h 0m,4.11,https://ww1.cuevana3.ai/3991/wonder-aekfu-ver
El pájaro loco: La película," Animación, Comedia, Familia",2017,0h 0m,4.47,https://ww1.cuevana3.ai/4072/woody-woodpecker-ver
3 idiotas," Comedia, Familiar",2017,0h 0m,4.14,https://ww1.cuevana3.ai/1699/3-idiotas-bm2p-ver
Las Aventuras del Capitán Calzoncillos," Acción, Animación, Comedia",2017,1h 24m,4.59,https://ww1.cuevana3.ai/1835/captain-underpants-the-first-epic-movie-html-ver
The Boss Baby (El bebé jefazo),"","","",4.39,https://ww1.cuevana3.ai/1618/the-boss-baby-54wci-ver
Los pitufos: La aldea escondida," Animación, Aventura, Comedia",2017,1h 30m,4.34,https://ww1.cuevana3.ai/1661/smurfs-the-lost-village-gfw3-ver
La bella y la bestia," Familiar, Fantasía, Musical",2017,2h 9m,4.29,https://ww1.cuevana3.ai/1608/beauty-and-the-beast-po6d-ver
Why Him? (¿Por qué él?)," Comedia, Familiar, Romance",2016,1h 51m,4.21,https://ww1.cuevana3.ai/1332/why-him-nm4k-ver
Ballerina," Animación, Aventura, Drama",2016,1h 30m,4.51,https://ww1.cuevana3.ai/1380/ballerina-sdr4-ver
Surf’s Up 2: WaveMania (Reyes de las olas 2)," Animación, Comedia, Familiar",2017,1h 24m,4.22,https://ww1.cuevana3.ai/1414/surfs-up-2-wavemania-ver
"Siete vidas, este gato es un peligro"," Comedia, Familiar, Fantasía",2016,1h 30m,4.59,https://ww1.cuevana3.ai/1404/nine-lives-ver
Mi amigo el gigante," Aventura, Familiar, Fantasía",2016,1h 57m,4.34,https://ww1.cuevana3.ai/1063/the-bfg-ver
Bad Moms," Comedia, Familiar",2016,1h 41m,4.12,https://ww1.cuevana3.ai/1111/bad-moms-ver
Mascotas," Animación, Comedia, Familiar",2016,1h 27m,4.27,https://ww1.cuevana3.ai/1079/the-secret-life-of-pets-tw2f-ver
Finding Dory (Buscando a Dory)," Animación, Aventura, Comedia",2016,1h 37m,4.18,https://ww1.cuevana3.ai/1042/finding-dory-ihy0v-ver
Alicia a través del espejo," Aventura, Familiar, Fantasía",2016,1h 53m,4.32,https://ww1.cuevana3.ai/1017/alice-through-the-looking-glass-hto4-ver
"Angry Birds, la película"," Acción, Animación, Comedia",2016,1h 37m,4.41,https://ww1.cuevana3.ai/1009/the-angry-birds-movie-fdl0-ver
Avatar: El sentido del agua," Acción, Aventura, Fantasía",2022,3h 12m,4.23,https://ww1.cuevana3.ai/65555/avatar-the-way-of-water-ver
Avatar," Acción, Aventura, Fantasía",2009,2h 41m,3.84,https://ww1.cuevana3.ai/65615/avatar-ver
Con canas y a lo loco,"","","",4.18,https://ww1.cuevana3.ai/65574/mack-and-rita-ver
La Belle Époque," Comedia, Drama, Fantasía",2019,1h 50m,3.82,https://ww1.cuevana3.ai/65442/la-belle-epoque-ver
Slayers," Comedia, Fantasía, Terror",2022,1h 28m,2.94,https://ww1.cuevana3.ai/65426/slayers-ver
Under Wraps: Una momia en Halloween 2," Familia, Fantasía",2022,1h 23m,3.26,https://ww1.cuevana3.ai/65222/under-wraps-2-ver
El corazón de Europa," Drama, Fantasía, Misterio",2022,1h 50m,2.33,https://ww1.cuevana3.ai/65206/el-corazon-de-europa-ver
Black Adam," Acción, Ciencia Ficción, Fantasía",2022,2h 4m,4.17,https://ww1.cuevana3.ai/63746/black-adam-ver
Big Gold Brick," Comedia, Fantasía",2022,2h 12m,3.92,https://ww1.cuevana3.ai/64772/big-gold-brick-ver
Blade of the 47 Ronin," Acción, Drama, Fantasía",2022,1h 46m,2.96,https://ww1.cuevana3.ai/63937/blade-of-the-47-ronin-ver
Noche de sustos," Aventura, Familia, Fantasía",2022,1h 27m,3.03,https://ww1.cuevana3.ai/63857/spirit-halloween-ver
La escuela del bien y del mal," Acción, Drama, Fantasía",2022,2h 26m,4.49,https://ww1.cuevana3.ai/63642/the-school-for-good-and-evil-ver
La gran aventura de los Lunnis y el libro mágico," Aventura, Familia, Fantasía",2019,1h 23m,4.29,https://ww1.cuevana3.ai/63620/la-gran-aventura-de-los-lunnis-y-el-libro-magico-ver
Los tres deseos de Cenicienta," Familia, Fantasía",2021,1h 27m,4.28,https://ww1.cuevana3.ai/63407/tre-notter-til-askepott-ver
Meet Cute," Comedia, Drama, Fantasía",2022,1h 30m,4.13,https://ww1.cuevana3.ai/62721/meet-cute-ver
Monster High: La Película," Acción, Aventura, Fantasía",2022,1h 36m,3.44,https://ww1.cuevana3.ai/63281/monster-high-the-movie-ver
El retorno de las brujas 2," Comedia, Familia, Fantasía",2022,1h 45m,4.11,https://ww1.cuevana3.ai/63047/hocus-pocus-2-ver
Miss Futuro," Comedia, Fantasía",2021,1h 30m,2.8,https://ww1.cuevana3.ai/63114/miss-futuro-ver
Anikulapo," Drama, Fantasía",2022,2h 22m,3.78,https://ww1.cuevana3.ai/63089/anikulapo-ver
Triunfos Robados: Animar o Morir," Comedia, Fantasía, Terror",2022,0h 0m,2.92,https://ww1.cuevana3.ai/62993/bring-it-on-cheer-or-die-ver
Fullmetal Alchemist: La alquimia final," Acción, Aventura, Fantasía",2022,2h 23m,4.02,https://ww1.cuevana3.ai/62859/hagane-no-renkinjutsushi-kanketsu-hen-saigo-no-rensei-ver
Pokémon: Las crónicas de Arceus," Acción, Animación, Fantasía",2022,0h 0m,4.27,https://ww1.cuevana3.ai/62767/poketto-monsuta-shin-to-yoba-reshi-aruseusu-ver
Jujutsu Kaisen 0," Acción, Animación, Fantasía",2021,1h 45m,4.67,https://ww1.cuevana3.ai/62725/gekijouban-jujutsu-kaisen-0-ver
Los Monsters," Comedia, Familia, Fantasía",2022,1h 49m,3.18,https://ww1.cuevana3.ai/62660/the-munsters-ver
Tres mil años esperándote," Drama, Fantasía, Romance",2022,1h 48m,4.41,https://ww1.cuevana3.ai/62412/three-thousand-years-of-longing-ver
El reino mágico," Aventura, Fantasía",2021,1h 40m,3.98,https://ww1.cuevana3.ai/62425/konyok-gorbunok-ver
HollyBlood," Comedia, Fantasía, Terror",2022,0h 0m,3.74,https://ww1.cuevana3.ai/62215/hollyblood-ver
Vecinos," Comedia, Familia, Fantasía",2022,0h 0m,3.14,https://ww1.cuevana3.ai/62005/fenced-in-ver
El Hobbit 3: La batalla de los Cinco Ejércitos," Aventura, Fantasía",2014,2h 24m,4.51,https://ww1.cuevana3.ai/4560/the-hobbit-the-battle-of-the-five-armies-ver
El Hobbit 2: La desolación de Smaug," Aventura, Fantasía",2013,2h 50m,4.36,https://ww1.cuevana3.ai/4556/the-hobbit-the-desolation-of-smaug-ver
El Hobbit 1: Un viaje inseperado," Aventura, Familia, Fantasía",2012,2h 49m,4.27,https://ww1.cuevana3.ai/4552/the-hobbit-an-unexpected-journey-ver
El señor de los anillos 3: El retorno del rey," Aventura, Drama, Fantasía",2003,3h 21m,4.58,https://ww1.cuevana3.ai/4572/the-lord-of-the-rings-the-return-of-the-king-ver
El señor de los anillos 2: Las dos torres," Aventura, Drama, Fantasía",2002,2h 59m,4.5,https://ww1.cuevana3.ai/4568/the-lord-of-the-rings-the-two-towers-ver
El señor de los anillos 1: La comunidad del anillo," Aventura, Drama, Fantasía",2001,3h 0m,4.44,https://ww1.cuevana3.ai/4564/the-lord-of-the-rings-the-fellowship-of-the-ring-ver
Amor a segunda vista," Comedia, Drama, Fantasía",2019,2h 0m,4.52,https://ww1.cuevana3.ai/61906/mon-inconnue-ver
Samaritan," Acción, Drama, Fantasía",2022,1h 39m,4.19,https://ww1.cuevana3.ai/61781/samaritan-ver
Kaamelott: Parte 1," Aventura, Comedia, Fantasía",2021,2h 0m,2.96,https://ww1.cuevana3.ai/61805/kaamelott-premier-volet-ver
La Chica y el Dragon," Familia, Fantasía",2020,1h 20m,3.88,https://ww1.cuevana3.ai/61690/dragevokteren-ver
Chico ventana también quisiera tener un submarino," Comedia, Fantasía, Romance",2020,1h 25m,2.45,https://ww1.cuevana3.ai/61666/window-boy-would-also-like-to-have-a-submarine-ver
Fullmetal Alchemist: La venganza de Cicatriz," Acción, Aventura, Fantasía",2022,2h 5m,4.05,https://ww1.cuevana3.ai/61633/hagane-no-renkinjutsushi-kanketsu-hen-fukushusha-scar-ver
Serpent Of Death," Aventura, Fantasía, Terror",2018,1h 20m,3.13,https://ww1.cuevana3.ai/61590/snakes-ver
DC Showcase: Constantine: The House of Mystery," Animación, Fantasía, Terror",2022,0h 27m,4.09,https://ww1.cuevana3.ai/61534/dc-showcase-constantine-the-house-of-mystery-ver
Turno del día," Acción, Comedia, Fantasía",2022,1h 53m,4.37,https://ww1.cuevana3.ai/61291/day-shift-ver
The Ghost and the Tout Too," Comedia, Fantasía",2021,0h 0m,4,https://ww1.cuevana3.ai/61061/the-ghost-and-the-tout-too-ver
Monster Portal," Drama, Fantasía, Terror",2022,1h 20m,2.75,https://ww1.cuevana3.ai/60762/the-offering-ver
Monstrous," Misterio, Terror, Thriller",2022,1h 29m,3.7,https://ww1.cuevana3.ai/57626/monstrous-2-ver
Blast," Drama, Misterio, Thriller",2021,1h 30m,3.91,https://ww1.cuevana3.ai/61129/deflagrations-ver
Gone in the Night," Misterio, Thriller",2022,1h 30m,3.38,https://ww1.cuevana3.ai/60943/gone-in-the-night-ver
The Darker the Lake," Crimen, Misterio, Thriller",2022,1h 40m,3.18,https://ww1.cuevana3.ai/65627/the-darker-the-lake-ver
Los renglones torcidos de Dios, Misterio,2022,2h 35m,4.13,https://ww1.cuevana3.ai/65566/los-renglones-torcidos-de-dios-ver
Hawa," Drama, Misterio",2022,1h 44m,2.41,https://ww1.cuevana3.ai/65512/hawa-ver
Atrapados en el Cubo (Cube)," Ciencia Ficción, Misterio, Terror",2021,1h 48m,3.25,https://ww1.cuevana3.ai/65409/cube-ichido-haittara-saigo-ver
El paciente," Drama, Misterio, Thriller",2022,1h 32m,3.88,https://ww1.cuevana3.ai/65234/le-patient-ver
El corazón de Europa," Drama, Fantasía, Misterio",2022,1h 50m,2.33,https://ww1.cuevana3.ai/65206/el-corazon-de-europa-ver
Un Misterio de Navidad," Comedia, Familia, Misterio",2022,1h 27m,4.34,https://ww1.cuevana3.ai/65161/a-christmas-mystery-ver
The Visitor," Drama, Misterio, Terror",2022,1h 26m,2.88,https://ww1.cuevana3.ai/63563/the-visitor-ver
Forgotten," Misterio, Suspenso, Terror",2022,0h 0m,3,https://ww1.cuevana3.ai/65039/forgotten-ver
El prodigio," Drama, Misterio, Suspenso",2022,1h 48m,4.24,https://ww1.cuevana3.ai/64858/the-wonder-ver
…Y muere porque te toca," Comedia, Misterio",2022,1h 43m,3.75,https://ww1.cuevana3.ai/64741/murder-party-ver
¡Nop!," Ciencia Ficción, Misterio, Terror",2022,2h 15m,3.97,https://ww1.cuevana3.ai/61748/nope-ver
Arruíname (Ruin Me)," Misterio, Terror, Thriller",2017,1h 28m,3.26,https://ww1.cuevana3.ai/64493/arruiname-ruin-me-ver
Last Seen Alive," Acción, Misterio, Thriller",2022,1h 35m,4.21,https://ww1.cuevana3.ai/58286/last-seen-alive-ver
No te preocupes querida," Drama, Misterio, Thriller",2022,2h 3m,4.16,https://ww1.cuevana3.ai/62889/dont-worry-darling-ver
Mete miedo," Misterio, Terror, Thriller",2022,1h 25m,3.44,https://ww1.cuevana3.ai/64083/mete-miedo-ver
Jaula," Misterio, Terror, Thriller",2022,1h 46m,4.1,https://ww1.cuevana3.ai/63988/jaula-ver
El Pasado," Crimen, Drama, Misterio",2019,1h 46m,3.19,https://ww1.cuevana3.ai/63786/the-bygone-ver
El tubo," Drama, Misterio, Terror",2021,1h 31m,3.54,https://ww1.cuevana3.ai/48306/meander-2-ver
La Madrastra," Drama, Misterio, Terror",2022,1h 11m,2.66,https://ww1.cuevana3.ai/63589/homebound-ver
Seance," Misterio, Terror",2021,1h 32m,3.74,https://ww1.cuevana3.ai/43227/seance-ver
Grimcutty: Asesino implacable," Drama, Misterio, Terror",2022,1h 41m,3.41,https://ww1.cuevana3.ai/63391/grimcutty-ver
La Chica Mas Afortunada Del Mundo," Drama, Misterio, Thriller",2022,1h 53m,4.27,https://ww1.cuevana3.ai/63285/luckiest-girl-alive-ver
Significant Other," Ciencia Ficción, Drama, Misterio",2022,1h 24m,3.72,https://ww1.cuevana3.ai/63260/significant-other-ver
Hellraiser," Misterio, Terror, Thriller",2022,2h 1m,4.2,https://ww1.cuevana3.ai/63239/hellraiser-ver
Ajin: Semi-Humano," Acción, Misterio, Terror",2017,1h 50m,4.32,https://ww1.cuevana3.ai/63226/ajin-ver
This Game’s Called Murder," Comedia, Crimen, Misterio",2021,1h 46m,2.97,https://ww1.cuevana3.ai/54020/this-games-called-murder-ver
Jeepers Creepers: Reborn," Misterio, Terror, Thriller",2022,1h 28m,2.92,https://ww1.cuevana3.ai/63094/jeepers-creepers-reborn-ver
Ships in the Night: A Martha’s Vineyard Mystery, Misterio,2021,1h 24m,2.78,https://ww1.cuevana3.ai/63129/ships-in-the-night-ver
The Boy Behind the Door," Misterio, Terror, Thriller",2021,1h 28m,4.01,https://ww1.cuevana3.ai/46694/the-boy-behind-the-door-ver
Mientras El Lobo No Está," Drama, Misterio, Thriller",2017,2h 3m,4.22,https://ww1.cuevana3.ai/62885/mientras-el-lobo-no-esta-ver
Death of a Vlogger," Drama, Misterio, Terror",2019,1h 28m,3.8,https://ww1.cuevana3.ai/62796/death-of-a-vlogger-ver
The Ex," Drama, Misterio, Terror",2021,1h 30m,3.34,https://ww1.cuevana3.ai/62791/byvshaya-ver
From the Depths," Drama, Misterio, Terror",2020,0h 0m,3.01,https://ww1.cuevana3.ai/36168/from-the-depths-ver
The Host," Drama, Misterio, Thriller",2020,1h 42m,3.64,https://ww1.cuevana3.ai/26030/the-host-ver
Secretos de una familia," Drama, Misterio, Thriller",2021,1h 27m,3.77,https://ww1.cuevana3.ai/62543/hidden-family-secrets-ver
Red Stone," Crimen, Drama, Misterio",2021,1h 40m,2.79,https://ww1.cuevana3.ai/54012/red-stone-ver
Blood Brothers, Misterio,2021,1h 51m,3.41,https://ww1.cuevana3.ai/62305/blood-brothers-ver
Mira por mí," Crimen, Drama, Misterio",2021,1h 32m,3.99,https://ww1.cuevana3.ai/58354/mira-por-mi-ver
Curious Caterer: Dying for Chocolate," Crimen, Misterio",2022,1h 24m,3.79,https://ww1.cuevana3.ai/62161/dying-for-chocolate-a-curious-caterer-mystery-ver
The Harbinger," Misterio, Terror, Thriller",2022,1h 54m,3.3,https://ww1.cuevana3.ai/62153/the-harbinger-ver
La chica salvaje," Drama, Misterio, Thriller",2022,2h 5m,4.63,https://ww1.cuevana3.ai/62149/where-the-crawdads-sing-ver
La Gran Aventura De Blue En La Ciudad," Comedia, Familiar, Musical",2022,1h 14m,4.41,https://ww1.cuevana3.ai/65055/blues-big-city-adventure-ver
Spirited: El Espíritu De Las Fiestas," Comedia, Familiar, Musical",2022,2h 7m,4.27,https://ww1.cuevana3.ai/64841/spirited-ver
El Rey de todo el mundo, Musical,2021,1h 35m,2,https://ww1.cuevana3.ai/64348/el-rey-de-todo-el-mundo-ver
Voy a pasármelo bien," Aventura, Comedia, Musical",2022,1h 48m,4.18,https://ww1.cuevana3.ai/63782/voy-a-pasarmelo-bien-ver
Cyrano," Drama, Musical, Romance",2022,2h 3m,3.87,https://ww1.cuevana3.ai/56545/cyrano-ver
Zombies 3," Familia, Musical, Romance",2022,1h 28m,4.25,https://ww1.cuevana3.ai/60083/zombies-3-ver
Sneakerella: Cenicienta en zapatillas," Comedia, Familia, Musical",2022,1h 50m,3.86,https://ww1.cuevana3.ai/57587/sneakerella-ver
El amor en su lugar," Aventura, Drama, Musical",2021,1h 43m,3.58,https://ww1.cuevana3.ai/56485/love-gets-a-room-ver
El Deseo En Mí," Biográfia, Drama, Musical",2021,0h 0m,3.71,https://ww1.cuevana3.ai/55203/bo-we-mnie-jest-seks-ver
Querido Evan Hansen," Drama, Musical",2021,2h 17m,4.38,https://ww1.cuevana3.ai/50283/dear-evan-hansen-ver
West Side Story," Crimen, Drama, Musical",2021,2h 36m,3.78,https://ww1.cuevana3.ai/52367/west-side-story-ver
Misfit," Comedia, Familia, Musical",2021,1h 30m,4.41,https://ww1.cuevana3.ai/53194/misfit-ver
Iris Warriors," Familia, Fantasía, Musical",2022,1h 47m,3.29,https://ww1.cuevana3.ai/53150/iris-warriors-ver
Trolls Holiday in Harmony," Animación, Musical",2021,0h 30m,4.29,https://ww1.cuevana3.ai/51989/trolls-holiday-in-harmony-ver
Annette," Drama, Musical, Romance",2021,2h 20m,3.75,https://ww1.cuevana3.ai/47632/annette-ver
Jonas Brothers Family Roast," Comedia, Musical",2021,1h 8m,4.16,https://ww1.cuevana3.ai/51910/jonas-brothers-family-roast-ver
"Tick, Tick… BOOM!"," Biográfia, Drama, Musical",2021,2h 1m,4.68,https://ww1.cuevana3.ai/51560/tick-tick-boom-ver
Tis the Season, Musical,2020,1h 51m,3.4,https://ww1.cuevana3.ai/50406/tis-the-season-ver
Diana: The Musical," Biográfia, Drama, Musical",2021,1h 57m,4.26,https://ww1.cuevana3.ai/49658/diana-ver
Barbie: Grandes Sueños en la Gran Ciudad," Animación, Familia, Musical",2021,1h 2m,4.36,https://ww1.cuevana3.ai/48962/barbie-big-city-big-dreams-ver
There’s Something About Mario," Comedia, Musical, Romance",2021,1h 45m,4,https://ww1.cuevana3.ai/48657/quem-vai-ficar-com-mario-ver
The J Team," Comedia, Familia, Musical",2021,1h 24m,4.08,https://ww1.cuevana3.ai/48395/the-j-team-ver
Que suene la música," Comedia, Drama, Musical",2020,1h 52m,4.2,https://ww1.cuevana3.ai/33921/military-wives-ver
El cover," Comedia, Musical, Romance",2021,0h 0m,4.08,https://ww1.cuevana3.ai/47325/el-cover-ver
Stop, Musical,2021,0h 55m,2.92,https://ww1.cuevana3.ai/47101/stop-ver
Dr. Seuss’ The Grinch Musical," Familia, Musical",2020,1h 23m,3.3,https://ww1.cuevana3.ai/46648/dr-seuss-the-grinch-musical-ver
En un barrio de Nueva York," Drama, Musica, Musical",2021,2h 23m,4.47,https://ww1.cuevana3.ai/44314/in-the-heights-ver
Music," Drama, Musical",2021,1h 47m,3.68,https://ww1.cuevana3.ai/41260/music-ver
Un Regalo Esencial," Comedia, Drama, Musical",2018,1h 45m,3.85,https://ww1.cuevana3.ai/42704/un-regalo-esencial-ver
El campamento de mi vida," Drama, Familia, Musical",2021,1h 34m,4.37,https://ww1.cuevana3.ai/40273/a-week-away-ver
Dance with me," Aventura, Comedia, Musical",2019,1h 43m,3.7,https://ww1.cuevana3.ai/40060/dansu-wizu-mi-ver
Wotaku ni Koi wa Muzukashii," Comedia, Musical, Romance",2020,1h 54m,3.89,https://ww1.cuevana3.ai/39848/wotaku-ni-koi-wa-muzukashii-ver
Explota Explota," Aventura, Comedia, Musical",2020,1h 56m,3.75,https://ww1.cuevana3.ai/37496/explota-explota-ver
A Celebration of the Music from Coco," Musica, Musical",2020,0h 48m,4.21,https://ww1.cuevana3.ai/37255/a-celebration-of-the-music-from-coco-ver
Fame: The Musical, Musical,2020,2h 0m,3.25,https://ww1.cuevana3.ai/36794/fame-the-musical-ver
La chica del valle," Comedia, Musical, Romance",2020,1h 42m,4.01,https://ww1.cuevana3.ai/28895/valley-girl-ver
High School Musical: El Musical: Especial Fiestas," Comedia, Drama, Musical",2020,0h 45m,4.37,https://ww1.cuevana3.ai/35803/high-school-musical-the-musical-the-holiday-special-ver
The Prom," Comedia, Drama, Musical",2020,2h 12m,4.35,https://ww1.cuevana3.ai/35511/the-prom-ver
La Navidad mágica de los Jangle," Familia, Fantasía, Musical",2020,1h 59m,4.38,https://ww1.cuevana3.ai/34425/jingle-jangle-a-christmas-journey-ver
La Voix du succès," Drama, Musical, Romance",2020,1h 53m,4.26,https://ww1.cuevana3.ai/30839/the-high-note-ver
Work It: Al ritmo de los sueños," Comedia, Musical",2020,1h 33m,4.58,https://ww1.cuevana3.ai/31974/work-it-ver
Nasha Natasha," Biográfia, Documentales, Musical",2020,1h 23m,4.15,https://ww1.cuevana3.ai/31959/nasha-natasha-ver
Viena and the Fantomes," Drama, Musical, Romance",2020,1h 45m,3.39,https://ww1.cuevana3.ai/30867/viena-and-the-fantomes-ver
Festival de la Canción de Eurovisión: La historia de Fire Saga," Comedia, Musical",2020,2h 3m,4.41,https://ww1.cuevana3.ai/30789/eurovision-song-contest-the-story-of-fire-saga-ver
Nadie sabe que estoy aquí," Drama, Musical",2020,1h 31m,4.09,https://ww1.cuevana3.ai/30665/nadie-sabe-que-estoy-aqui-ver
Ardiente paciencia," Drama, Romance",2022,1h 37m,5,https://ww1.cuevana3.ai/65691/ardiente-paciencia-ver
Cariño es solo una fase," Comedia, Drama, Romance",2021,1h 45m,3,https://ww1.cuevana3.ai/65684/es-ist-nur-eine-phase-hase-ver
Acerca del destino," Comedia, Romance",2022,1h 40m,3.75,https://ww1.cuevana3.ai/65663/about-fate-ver
Clases particulares," Comedia, Romance",2022,1h 29m,3.75,https://ww1.cuevana3.ai/65659/ozel-ders-ver
Todavía creo en Santa," Comedia, Romance",2022,1h 30m,3.75,https://ww1.cuevana3.ai/65647/todavia-creo-en-santa-ver
Ali & Ava," Drama, Romance",2021,1h 35m,3,https://ww1.cuevana3.ai/65639/ali-and-ava-ver
Hasta los huesos: Bones and All," Drama, Romance, Terror",2022,2h 11m,3.78,https://ww1.cuevana3.ai/65413/bones-and-all-ver
La mensajera de la Navidad," Comedia, Romance",2022,1h 40m,3.61,https://ww1.cuevana3.ai/65547/jeszcze-przed-swietami-ver
Algo de Tiffany’s," Comedia, Familia, Romance",2022,1h 27m,3.88,https://ww1.cuevana3.ai/65508/something-from-tiffanys-ver
Una Navidad en Hollywood," Comedia, Drama, Romance",2022,0h 0m,3.81,https://ww1.cuevana3.ai/65331/a-hollywood-christmas-ver
El amante de Lady Chatterley," Drama, Romance",2022,2h 6m,4.46,https://ww1.cuevana3.ai/65379/lady-chatterleys-lover-ver
¿Tus Navidades o las mías?," Comedia, Romance",2022,1h 34m,4.18,https://ww1.cuevana3.ai/65347/your-christmas-or-mine-ver
Una Propuesta Navideña, Romance,2021,1h 25m,4.6,https://ww1.cuevana3.ai/65310/a-christmas-proposal-ver
Fly," Drama, Musica, Romance",2021,1h 47m,4.08,https://ww1.cuevana3.ai/65306/fly-ver
Un amor en Escocia," Drama, Romance",2022,1h 39m,4.09,https://ww1.cuevana3.ai/63798/nobody-has-to-know-ver
Dancing Through the Snow," Comedia, Familia, Romance",2021,1h 25m,3.25,https://ww1.cuevana3.ai/65293/dancing-through-the-snow-ver
Una Navidad llena de Gracia," Comedia, Romance",2022,1h 44m,4.17,https://ww1.cuevana3.ai/65268/um-natal-cheio-de-graca-ver
Esta Navidad es una ruina," Comedia, Romance",2021,1h 35m,3.65,https://ww1.cuevana3.ai/65246/christmas-is-canceled-ver
El diario de Noel," Comedia, Drama, Romance",2022,1h 39m,4.13,https://ww1.cuevana3.ai/65177/the-noel-diary-ver
Navidad en Armonía," Comedia, Romance",2022,0h 0m,4.25,https://ww1.cuevana3.ai/65157/holiday-harmony-ver
Navidad contigo," Comedia, Familiar, Romance",2022,1h 31m,4.44,https://ww1.cuevana3.ai/64964/christmas-with-you-ver
Solo Una Noche, Romance,2022,1h 48m,2.94,https://ww1.cuevana3.ai/64957/sadece-bir-gece-ver
Amor bandido," Crimen, Drama, Romance",2021,1h 20m,3.83,https://ww1.cuevana3.ai/64949/amor-bandido-ver
Supereroi," Comedia, Drama, Romance",2021,2h 2m,4.12,https://ww1.cuevana3.ai/61025/supereroi-ver
Navidad de golpe," Comedia, Romance",2022,1h 33m,4.15,https://ww1.cuevana3.ai/64760/falling-for-christmas-ver
Una comedia de la Stasi," Comedia, Drama, Romance",2022,1h 55m,4,https://ww1.cuevana3.ai/64732/stasikomodie-ver
Quédate (Kal)," Drama, Romance",2022,1h 47m,3.03,https://ww1.cuevana3.ai/64601/kal-ver
Belleza (Wunderschön)," Comedia, Drama, Romance",2022,2h 12m,3.52,https://ww1.cuevana3.ai/64497/belleza-wunderschon-ver
Rodando hacia ti," Comedia, Romance",2022,0h 0m,3.92,https://ww1.cuevana3.ai/62012/corro-da-te-ver
The Sympathy Card," Comedia, Romance",2019,1h 34m,2.72,https://ww1.cuevana3.ai/64327/the-sympathy-card-ver
Mi Policía," Drama, Romance",2022,1h 53m,4.17,https://ww1.cuevana3.ai/64323/my-policeman-ver
Viaje al paraiso," Comedia, Romance",2022,1h 44m,3.7,https://ww1.cuevana3.ai/62416/ticket-to-paradise-ver
Mas allá del universo," Comedia, Drama, Romance",2022,2h 6m,4.33,https://ww1.cuevana3.ai/64091/depois-do-universo-ver
Una chica del siglo XX," Drama, Romance",2022,1h 59m,4.47,https://ww1.cuevana3.ai/63810/20th-century-girl-ver
Bros," Comedia, Romance",2022,1h 55m,3.94,https://ww1.cuevana3.ai/63624/bros-ver
Rosalina," Comedia, Romance",2022,1h 36m,4.42,https://ww1.cuevana3.ai/63531/rosalina-ver
Un novio para mi mujer," Comedia, Romance",2022,0h 0m,3.77,https://ww1.cuevana3.ai/63518/un-novio-para-mi-mujer-ver
Estamos hechos para entendernos," Comedia, Romance",2021,1h 33m,4.04,https://ww1.cuevana3.ai/63460/on-est-fait-pour-sentendre-ver
Canción de amor," Drama, Musica, Romance",2020,1h 24m,3.81,https://ww1.cuevana3.ai/42912/country-at-heart-ver
"Lina, actriz para todo"," Comedia, Romance",2022,1h 47m,4.28,https://ww1.cuevana3.ai/63411/esposa-de-aluguel-ver
A Love Song, Romance,2022,1h 21m,3,https://ww1.cuevana3.ai/63395/a-love-song-ver
Cyrano," Drama, Musical, Romance",2022,2h 3m,3.87,https://ww1.cuevana3.ai/56545/cyrano-ver
30 noches con mi ex," Comedia, Romance",2022,1h 35m,3.46,https://ww1.cuevana3.ai/63230/30-noches-con-mi-ex-ver
Jumping from High Places," Comedia, Drama, Romance",2022,0h 0m,3.85,https://ww1.cuevana3.ai/63166/jumping-from-high-places-ver
Navidades en la granja," Comedia, Drama, Romance",2021,1h 25m,3.36,https://ww1.cuevana3.ai/63154/christmas-on-the-farm-ver
Driven New," Comedia, Terror, Thriller",2019,1h 29m,3.01,https://ww1.cuevana3.ai/30724/driven-2-ver
Monstrous," Misterio, Terror, Thriller",2022,1h 29m,3.7,https://ww1.cuevana3.ai/57626/monstrous-2-ver
La niñera," Drama, Terror, Thriller",2022,1h 37m,3.33,https://ww1.cuevana3.ai/65680/nanny-ver
They/Them," Terror, Thriller",2022,1h 30m,3.16,https://ww1.cuevana3.ai/61057/they-them-ver
La Mancha Negra," Drama, Terror, Thriller",2021,1h 29m,4.75,https://ww1.cuevana3.ai/65671/la-mancha-negra-ver
Hasta los huesos: Bones and All," Drama, Romance, Terror",2022,2h 11m,3.78,https://ww1.cuevana3.ai/65413/bones-and-all-ver
Reza por el diablo," Terror, Thriller",2022,1h 33m,4.13,https://ww1.cuevana3.ai/64159/prey-for-the-devil-ver
Abandoned, Terror,2022,0h 0m,3.16,https://ww1.cuevana3.ai/59417/abandoned-ver
Slayers," Comedia, Fantasía, Terror",2022,1h 28m,2.94,https://ww1.cuevana3.ai/65426/slayers-ver
Atrapados en el Cubo (Cube)," Ciencia Ficción, Misterio, Terror",2021,1h 48m,3.25,https://ww1.cuevana3.ai/65409/cube-ichido-haittara-saigo-ver
Matando el tiempo, Terror,2022,1h 21m,2.42,https://ww1.cuevana3.ai/65405/matando-el-tiempo-ver
Miente si Puedes," Comedia, Drama, Terror",2020,1h 24m,3.13,https://ww1.cuevana3.ai/65397/zhanym-ty-ne-poverish-ver
No Abras La Puerta, Terror,2022,0h 0m,3.14,https://ww1.cuevana3.ai/65371/no-abras-la-puerta-ver
The Long Dark Trail, Terror,2021,1h 18m,3.32,https://ww1.cuevana3.ai/65185/the-long-dark-trail-ver
Resurrection," Crimen, Drama, Terror",2022,1h 43m,3.48,https://ww1.cuevana3.ai/61279/resurrection-ver
Bodies Bodies Bodies," Comedia, Terror, Thriller",2022,1h 34m,3.79,https://ww1.cuevana3.ai/62875/bodies-bodies-bodies-ver
El menú," Comedia, Suspenso, Terror",2022,1h 46m,4.14,https://ww1.cuevana3.ai/64845/the-menu-ver
Grotesque, Terror,2022,1h 20m,1.89,https://ww1.cuevana3.ai/65051/grotesque-ver
The Visitor," Drama, Misterio, Terror",2022,1h 26m,2.88,https://ww1.cuevana3.ai/63563/the-visitor-ver
Forgotten," Misterio, Suspenso, Terror",2022,0h 0m,3,https://ww1.cuevana3.ai/65039/forgotten-ver
Bitch Ass,"","","",3.1,https://ww1.cuevana3.ai/65030/bitch-ass-ver
Atrapados en el bosque," Suspenso, Terror",2022,1h 23m,2.72,https://ww1.cuevana3.ai/65003/in-the-forest-ver
Smile, Terror,2022,1h 55m,3.69,https://ww1.cuevana3.ai/63105/smile-ver
La bestia," Aventura, Drama, Terror",2022,1h 33m,3.7,https://ww1.cuevana3.ai/61328/beast-ver
The Accursed, Terror,2022,1h 36m,3.15,https://ww1.cuevana3.ai/64412/the-accursed-2-ver
Margaux," Suspenso, Terror",2022,1h 45m,3.36,https://ww1.cuevana3.ai/64750/margaux-ver
The Inhabitant," Terror, Thriller",2022,1h 37m,3.52,https://ww1.cuevana3.ai/63567/the-inhabitant-ver
Project Legion," Ciencia Ficción, Suspenso, Terror",2022,0h 0m,2.88,https://ww1.cuevana3.ai/64716/project-legion-ver
Color Out of Space," Ciencia Ficción, Terror",2019,1h 51m,3.8,https://ww1.cuevana3.ai/25761/color-out-of-space-ver
¡Nop!," Ciencia Ficción, Misterio, Terror",2022,2h 15m,3.97,https://ww1.cuevana3.ai/61748/nope-ver
Watcher,"","","",4.25,https://ww1.cuevana3.ai/59139/watcher-ver
Conjuring: The Beyond, Terror,2022,1h 31m,3.21,https://ww1.cuevana3.ai/64537/conjuring-the-beyond-ver
Clown Motel 2, Terror,2022,0h 0m,3.08,https://ww1.cuevana3.ai/64533/clown-motel-2-ver
Arruíname (Ruin Me)," Misterio, Terror, Thriller",2017,1h 28m,3.26,https://ww1.cuevana3.ai/64493/arruiname-ruin-me-ver
Matriarcado, Terror,2022,1h 25m,3.46,https://ww1.cuevana3.ai/63794/matriarch-2-ver
Halloween: La Noche Final," Terror, Thriller",2022,1h 51m,4.06,https://ww1.cuevana3.ai/63486/halloween-ends-ver
The Red Book Ritual, Terror,2022,1h 23m,2.55,https://ww1.cuevana3.ai/64285/the-red-book-ritual-ver
Requiem for a Scream," Terror, Thriller",2022,1h 21m,2.89,https://ww1.cuevana3.ai/64281/requiem-for-a-scream-ver
The Last Thing Mary Saw," Drama, Terror, Thriller",2021,1h 28m,2.97,https://ww1.cuevana3.ai/64190/the-last-thing-mary-saw-ver
They Crawl Beneath, Terror,2022,1h 31m,3.17,https://ww1.cuevana3.ai/64168/they-crawl-beneath-ver
El abismo del infierno, Terror,2022,0h 0m,3.72,https://ww1.cuevana3.ai/64012/hellhole-ver
11th Hour Cleaning, Terror,2022,0h 0m,3.06,https://ww1.cuevana3.ai/59722/11th-hour-cleaning-ver
Bárbaro," Terror, Thriller",2022,1h 43m,4.26,https://ww1.cuevana3.ai/63933/barbarian-ver
Mete miedo," Misterio, Terror, Thriller",2022,1h 25m,3.44,https://ww1.cuevana3.ai/64083/mete-miedo-ver
"Corre, cielo, corre"," Terror, Thriller",2022,1h 43m,3.51,https://ww1.cuevana3.ai/64079/run-sweetheart-run-ver
Hacia la libertad," Acción, Thriller",2022,2h 12m,4.36,https://ww1.cuevana3.ai/65516/emancipation-ver
Driven New," Comedia, Terror, Thriller",2019,1h 29m,3.01,https://ww1.cuevana3.ai/30724/driven-2-ver
Monstrous," Misterio, Terror, Thriller",2022,1h 29m,3.7,https://ww1.cuevana3.ai/57626/monstrous-2-ver
La niñera," Drama, Terror, Thriller",2022,1h 37m,3.33,https://ww1.cuevana3.ai/65680/nanny-ver
They/Them," Terror, Thriller",2022,1h 30m,3.16,https://ww1.cuevana3.ai/61057/they-them-ver
La Mancha Negra," Drama, Terror, Thriller",2021,1h 29m,4.75,https://ww1.cuevana3.ai/65671/la-mancha-negra-ver
Blast," Drama, Misterio, Thriller",2021,1h 30m,3.91,https://ww1.cuevana3.ai/61129/deflagrations-ver
Gone in the Night," Misterio, Thriller",2022,1h 30m,3.38,https://ww1.cuevana3.ai/60943/gone-in-the-night-ver
Reza por el diablo," Terror, Thriller",2022,1h 33m,4.13,https://ww1.cuevana3.ai/64159/prey-for-the-devil-ver
The Darker the Lake," Crimen, Misterio, Thriller",2022,1h 40m,3.18,https://ww1.cuevana3.ai/65627/the-darker-the-lake-ver
Poker Face," Acción, Crimen, Thriller",2022,1h 35m,3.88,https://ww1.cuevana3.ai/65570/poker-face-ver
Polvo y cenizas," Crimen, Thriller",2022,1h 25m,3.1,https://ww1.cuevana3.ai/65539/ash-and-dust-ver
Secuestro en directo, Thriller,2022,1h 44m,3.62,https://ww1.cuevana3.ai/64277/on-the-line-ver
Detective Knight: Sin piedad," Acción, Thriller",2022,1h 45m,3.54,https://ww1.cuevana3.ai/65438/detective-knight-rogue-ver
Lobos de guerra," Acción, Bélico Guerra, Thriller",2022,1h 27m,3.39,https://ww1.cuevana3.ai/65430/wolves-of-war-ver
Other Monsters," Crimen, Thriller",2022,1h 33m,3.7,https://ww1.cuevana3.ai/65418/other-monsters-ver
The Independent, Thriller,2022,1h 48m,4.23,https://ww1.cuevana3.ai/65363/the-independent-ver
El paciente," Drama, Misterio, Thriller",2022,1h 32m,3.88,https://ww1.cuevana3.ai/65234/le-patient-ver
Huracán: La lucha interna,"","","",3.96,https://ww1.cuevana3.ai/65297/huracan-ver
Memory," Acción, Thriller",2022,1h 54m,4.09,https://ww1.cuevana3.ai/57421/memory-ver
1-800-Hot-Nite," Comedia, Drama, Thriller",2022,1h 34m,3.77,https://ww1.cuevana3.ai/65242/1-800-hot-nite-ver
Payback, Thriller,2021,1h 30m,3.75,https://ww1.cuevana3.ai/38855/payback-ver
Sheltering Season," Drama, Thriller",2022,1h 20m,3.2,https://ww1.cuevana3.ai/65168/sheltering-season-ver
Declaración de emergencia," Acción, Drama, Thriller",2022,2h 20m,4.49,https://ww1.cuevana3.ai/62681/bisang-seoneon-ver
Bodies Bodies Bodies," Comedia, Terror, Thriller",2022,1h 34m,3.79,https://ww1.cuevana3.ai/62875/bodies-bodies-bodies-ver
Old Man, Thriller,2022,1h 37m,3.7,https://ww1.cuevana3.ai/63537/old-man-ver
One Way," Acción, Thriller",2022,1h 36m,3.66,https://ww1.cuevana3.ai/62157/one-way-ver
Locked In," Crimen, Drama, Thriller",2021,1h 30m,3.38,https://ww1.cuevana3.ai/43752/locked-in-ver
Lie to Me The Truth," Drama, Thriller",2021,1h 29m,3.33,https://ww1.cuevana3.ai/55187/sovri-mne-pravdu-ver
Fuga de Prisión," Acción, Ciencia Ficción, Thriller",2022,1h 46m,3.17,https://ww1.cuevana3.ai/57441/corrective-measures-ver
The Inhabitant," Terror, Thriller",2022,1h 37m,3.52,https://ww1.cuevana3.ai/63567/the-inhabitant-ver
The Contractor," Acción, Thriller",2022,1h 43m,4.21,https://ww1.cuevana3.ai/55977/the-contractor-ver
Pig," Drama, Thriller",2021,1h 32m,4.13,https://ww1.cuevana3.ai/46211/pig-ver
Watcher,"","","",4.25,https://ww1.cuevana3.ai/59139/watcher-ver
Emily the Criminal," Crimen, Drama, Thriller",2022,1h 35m,4.23,https://ww1.cuevana3.ai/62493/emily-the-criminal-ver
Arruíname (Ruin Me)," Misterio, Terror, Thriller",2017,1h 28m,3.26,https://ww1.cuevana3.ai/64493/arruiname-ruin-me-ver
Frank y Penelope Hasta que la Muerte nos Separe, Thriller,2022,1h 52m,4.08,https://ww1.cuevana3.ai/64489/frank-y-penelope-hasta-que-la-muerte-nos-separe-ver
Butt Boy," Ciencia Ficción, Crime, Thriller",2020,1h 39m,2.73,https://ww1.cuevana3.ai/64476/butt-boy-ver
Halloween: La Noche Final," Terror, Thriller",2022,1h 51m,4.06,https://ww1.cuevana3.ai/63486/halloween-ends-ver
Requiem for a Scream," Terror, Thriller",2022,1h 21m,2.89,https://ww1.cuevana3.ai/64281/requiem-for-a-scream-ver
Sobredosis," Acción, Crimen, Thriller",2022,1h 59m,3.71,https://ww1.cuevana3.ai/64269/overdose-ver
Last Seen Alive," Acción, Misterio, Thriller",2022,1h 35m,4.21,https://ww1.cuevana3.ai/58286/last-seen-alive-ver
Trapped with My Husband, Thriller,2022,0h 0m,3.3,https://ww1.cuevana3.ai/64224/trapped-with-my-husband-ver
Wrong Questions, Thriller,"",0h 0m,2.92,https://ww1.cuevana3.ai/64221/wrong-questions-ver
The Drover’s Wife: The Legend of Molly Johnson," Drama, Historia, Thriller",2022,1h 49m,4.04,https://ww1.cuevana3.ai/59648/the-drovers-wife-the-legend-of-molly-johnson-ver
